,0
0,MAR11800
1,MAR03059
2,MAR10120
3,MAR00730
4,MAR06756
5,MAR07941
6,MAR05777
7,MAR07496
8,MAR01458
9,MAR04739
10,MAR01185
11,MAR03192
12,MAR07593
13,MAR00600
14,MAR01588
15,MAR01571
16,MAR06700
17,MAR12143
18,MAR10450
19,MAR02979
20,MAR03869
21,MAR05185
22,MAR01866
23,MAR03698
24,MAR02963
25,MAR07031
26,MAR01581
27,MAR05960
28,MAR00467
29,MAR08500
30,MAR03480
31,MAR11244
32,MAR00155
33,MAR05328
34,MAR01878
35,MAR00395
36,MAR03618
37,MAR00932
38,MAR00511
39,MAR00641
40,MAR09986
41,MAR04207
42,MAR00844
43,MAR05129
44,MAR04711
45,MAR06118
46,MAR02590
47,MAR04523
48,MAR00188
49,MAR01334
50,MAR02748
51,MAR08092
52,MAR05031
53,MAR08504
54,MAR02243
55,MAR09897
56,MAR04022
57,MAR02237
58,MAR05598
59,MAR02726
60,MAR05684
61,MAR02047
62,MAR11604
63,MAR09569
64,MAR02011
65,MAR06647
66,MAR01222
67,MAR08218
68,MAR05825
69,MAR03804
70,MAR01766
71,MAR11597
72,MAR08724
73,MAR07851
74,MAR01392
75,MAR05858
76,MAR06764
77,MAR01995
78,MAR02036
79,MAR03294
80,MAR01237
81,MAR12147
82,MAR04079
83,MAR08702
84,MAR01152
85,MAR10016
86,MAR03167
87,MAR05685
88,MAR11304
89,MAR06335
90,MAR08281
91,MAR03437
92,MAR07799
93,MAR00465
94,MAR03723
95,MAR07534
96,MAR06808
97,MAR02197
98,MAR03293
99,MAR07681
100,MAR01978
101,MAR07805
102,MAR08077
103,MAR07812
104,MAR03326
105,MAR05559
106,MAR07052
107,MAR06810
108,MAR10066
109,MAR03643
110,MAR09935
111,MAR08555
112,MAR07865
113,MAR05743
114,MAR06321
115,MAR00048
116,MAR05079
117,MAR03222
118,MAR05604
119,MAR04710
120,MAR05635
121,MAR12267
122,MAR05667
123,MAR05053
124,MAR07443
125,MAR00591
126,MAR02772
127,MAR03340
128,MAR04808
129,MAR02209
130,MAR02328
131,MAR04677
132,MAR00519
133,MAR08793
134,MAR02974
135,MAR06654
136,MAR05590
137,MAR09615
138,MAR07320
139,MAR01174
140,MAR03811
141,MAR00829
142,MAR03895
143,MAR05759
144,MAR04233
145,MAR06444
146,MAR12021
147,MAR00998
148,MAR10150
149,MAR06611
150,MAR03094
151,MAR00860
152,MAR06392
153,MAR01565
154,MAR04012
155,MAR11578
156,MAR01738
157,MAR02117
158,MAR02657
159,MAR01985
160,MAR05792
161,MAR07996
162,MAR11395
163,MAR05918
164,MAR02633
165,MAR04259
166,MAR01329
167,MAR00776
168,MAR06528
169,MAR11598
170,MAR00378
171,MAR00544
172,MAR08629
173,MAR08413
174,MAR11551
175,MAR00233
176,MAR00204
177,MAR01248
178,MAR00164
179,MAR01123
180,MAR09602
181,MAR02166
182,MAR07440
183,MAR02176
184,MAR03970
185,MAR02326
186,MAR04732
187,MAR01156
188,MAR02552
189,MAR06672
190,MAR04454
191,MAR06126
192,MAR05741
193,MAR04802
194,MAR05736
195,MAR04528
196,MAR01127
197,MAR05192
198,MAR08821
199,MAR06007
200,MAR02622
201,MAR01223
202,MAR01282
203,MAR04650
204,MAR06450
205,MAR05028
206,MAR01159
207,MAR05786
208,MAR05870
209,MAR01479
210,MAR11763
211,MAR03429
212,MAR02099
213,MAR04360
214,MAR03328
215,MAR03225
216,MAR07842
217,MAR06505
218,MAR04036
219,MAR12008
220,MAR07568
221,MAR03996
222,MAR07181
223,MAR00632
224,MAR02361
225,MAR05613
226,MAR04674
227,MAR05888
228,MAR07201
229,MAR00657
230,MAR06817
231,MAR01868
232,MAR07848
233,MAR01611
234,MAR00755
235,MAR03001
236,MAR01208
237,MAR04510
238,MAR02152
239,MAR10175
240,MAR06309
241,MAR01231
242,MAR02423
243,MAR00967
244,MAR10126
245,MAR08728
246,MAR01749
247,MAR02162
248,MAR11776
249,MAR05040
250,MAR07852
251,MAR05332
252,MAR00680
253,MAR12160
254,MAR02110
255,MAR11712
256,MAR05518
257,MAR01061
258,MAR00184
259,MAR07011
260,MAR07023
261,MAR02323
262,MAR07712
263,MAR03427
264,MAR11760
265,MAR03734
266,MAR02515
267,MAR00223
268,MAR03768
269,MAR05097
270,MAR08506
271,MAR07630
272,MAR02188
273,MAR01320
274,MAR11591
275,MAR00205
276,MAR06380
277,MAR01989
278,MAR12161
279,MAR11386
280,MAR12245
281,MAR05277
282,MAR04003
283,MAR07326
284,MAR06043
285,MAR11742
286,MAR04128
287,MAR01326
288,MAR09888
289,MAR03650
290,MAR01175
291,MAR01628
292,MAR06478
293,MAR05889
294,MAR00336
295,MAR00369
296,MAR04598
297,MAR02019
298,MAR00293
299,MAR07189
300,MAR01848
301,MAR07149
302,MAR07257
303,MAR04698
304,MAR05413
305,MAR02219
306,MAR02587
307,MAR06804
308,MAR08660
309,MAR05785
310,MAR07453
311,MAR01526
312,MAR00408
313,MAR05853
314,MAR08132
315,MAR12195
316,MAR00596
317,MAR04527
318,MAR05412
319,MAR11792
320,MAR03780
321,MAR00540
322,MAR03693
323,MAR01952
324,MAR04183
325,MAR08206
326,MAR08782
327,MAR02156
328,MAR01023
329,MAR04016
330,MAR04608
331,MAR10406
332,MAR06539
333,MAR05686
334,MAR05673
335,MAR04916
336,MAR11617
337,MAR00156
338,MAR02982
339,MAR12292
340,MAR02417
341,MAR10015
342,MAR08771
343,MAR01811
344,MAR03054
345,MAR07872
346,MAR03659
347,MAR08721
348,MAR00593
349,MAR01747
350,MAR07959
351,MAR07339
352,MAR00635
353,MAR03160
354,MAR05813
355,MAR00405
356,MAR03736
357,MAR11835
358,MAR05308
359,MAR01165
360,MAR08107
361,MAR00645
362,MAR08251
363,MAR02433
364,MAR05279
365,MAR08068
366,MAR03728
367,MAR00269
368,MAR02609
369,MAR08038
370,MAR08709
371,MAR06071
372,MAR03704
373,MAR01069
374,MAR01133
375,MAR08847
376,MAR04329
377,MAR12158
378,MAR04787
379,MAR06655
380,MAR07115
381,MAR04976
382,MAR08261
383,MAR04345
384,MAR05431
385,MAR02691
386,MAR07061
387,MAR03755
388,MAR02266
389,MAR08509
390,MAR04065
391,MAR07018
392,MAR02435
393,MAR02106
394,MAR05649
395,MAR02134
396,MAR00145
397,MAR03894
398,MAR01336
399,MAR06753
400,MAR03026
401,MAR01262
402,MAR06761
403,MAR03280
404,MAR12290
405,MAR02712
406,MAR01124
407,MAR00234
408,MAR07039
409,MAR03759
410,MAR11761
411,MAR06648
412,MAR02380
413,MAR00422
414,MAR05592
415,MAR04713
416,MAR09963
417,MAR05611
418,MAR01327
419,MAR08443
420,MAR00939
421,MAR05087
422,MAR04971
423,MAR02606
424,MAR01729
425,MAR08109
426,MAR12248
427,MAR01337
428,MAR05371
429,MAR00627
430,MAR04333
431,MAR04639
432,MAR08912
433,MAR07747
434,MAR09895
435,MAR02350
436,MAR02614
437,MAR05917
438,MAR02386
439,MAR00737
440,MAR03925
441,MAR06050
442,MAR02475
443,MAR00919
444,MAR01495
445,MAR09606
446,MAR12093
447,MAR12282
448,MAR08143
449,MAR04671
450,MAR07215
451,MAR09928
452,MAR00208
453,MAR04935
454,MAR03144
455,MAR11747
456,MAR06869
457,MAR02592
458,MAR04744
459,MAR02930
460,MAR11795
461,MAR04592
462,MAR02363
463,MAR12005
464,MAR12303
465,MAR04257
466,MAR00137
467,MAR05085
468,MAR04319
469,MAR06016
470,MAR01134
471,MAR10049
472,MAR02225
473,MAR03034
474,MAR01962
475,MAR00260
476,MAR00061
477,MAR08476
478,MAR02662
479,MAR06867
480,MAR05380
481,MAR06902
482,MAR08083
483,MAR02057
484,MAR10097
485,MAR03296
486,MAR06364
487,MAR07356
488,MAR01583
489,MAR01263
490,MAR07822
491,MAR00456
492,MAR09803
493,MAR07978
494,MAR00392
495,MAR02439
496,MAR06740
497,MAR04283
498,MAR02739
499,MAR02715
500,MAR02051
501,MAR02340
502,MAR04265
503,MAR04358
504,MAR01834
505,MAR07688
506,MAR03872
507,MAR04059
508,MAR00115
509,MAR04447
510,MAR04008
511,MAR02371
512,MAR01534
513,MAR07086
514,MAR01160
515,MAR06596
516,MAR07020
517,MAR11565
518,MAR02771
519,MAR05124
520,MAR00891
521,MAR00253
522,MAR05062
523,MAR03014
524,MAR07434
525,MAR02295
526,MAR07078
527,MAR05666
528,MAR04610
529,MAR05569
530,MAR06329
531,MAR00228
532,MAR05835
533,MAR07922
534,MAR00499
535,MAR03179
536,MAR05273
537,MAR05791
538,MAR08219
539,MAR02946
540,MAR02741
541,MAR03013
542,MAR06677
543,MAR03732
544,MAR04933
545,MAR04420
546,MAR05998
547,MAR00326
548,MAR00837
549,MAR00311
550,MAR08942
551,MAR01540
552,MAR11915
553,MAR08139
554,MAR04944
555,MAR02242
556,MAR06353
557,MAR05620
558,MAR08036
559,MAR02467
560,MAR05089
561,MAR04271
562,MAR01646
563,MAR03660
564,MAR04513
565,MAR06563
566,MAR00241
567,MAR02121
568,MAR06362
569,MAR03655
570,MAR01959
571,MAR08110
572,MAR09015
573,MAR06897
574,MAR01727
575,MAR01128
576,MAR03819
577,MAR06015
578,MAR06921
579,MAR07016
580,MAR06783
581,MAR08751
582,MAR03132
583,MAR04449
584,MAR05001
585,MAR07703
586,MAR01453
587,MAR09571
588,MAR04332
589,MAR04679
590,MAR04819
591,MAR11966
592,MAR02256
593,MAR01232
594,MAR03104
595,MAR08463
596,MAR02975
597,MAR00385
598,MAR03002
599,MAR04642
600,MAR02263
601,MAR06791
602,MAR01673
603,MAR04179
604,MAR11414
605,MAR00170
606,MAR00801
607,MAR03151
608,MAR06377
609,MAR00292
610,MAR03011
611,MAR02701
612,MAR07014
613,MAR02229
614,MAR00416
615,MAR05614
616,MAR07032
617,MAR04534
618,MAR06875
619,MAR03106
620,MAR02735
621,MAR12002
622,MAR03119
623,MAR06775
624,MAR03997
625,MAR00149
626,MAR07861
627,MAR08933
628,MAR00194
629,MAR00351
630,MAR03019
631,MAR01940
632,MAR07808
633,MAR03708
634,MAR00165
635,MAR08150
636,MAR02889
637,MAR05408
638,MAR02028
639,MAR02612
640,MAR05679
641,MAR01001
642,MAR05715
643,MAR03433
644,MAR07553
645,MAR05143
646,MAR07850
647,MAR02146
648,MAR02151
649,MAR06779
650,MAR03839
651,MAR04715
652,MAR03665
653,MAR04172
654,MAR04399
655,MAR06755
656,MAR05843
657,MAR05636
658,MAR12271
659,MAR00104
660,MAR01210
661,MAR05054
662,MAR09610
663,MAR07338
664,MAR01247
665,MAR00927
666,MAR06472
667,MAR08911
668,MAR06429
669,MAR04649
670,MAR07131
671,MAR00364
672,MAR06868
673,MAR10147
674,MAR05847
675,MAR03240
676,MAR03367
677,MAR02221
678,MAR01916
679,MAR06328
680,MAR03638
681,MAR06363
682,MAR02251
683,MAR11623
684,MAR08923
685,MAR03729
686,MAR06574
687,MAR02319
688,MAR10124
689,MAR03520
690,MAR04844
691,MAR03678
692,MAR05956
693,MAR00460
694,MAR03940
695,MAR06045
696,MAR03883
697,MAR08424
698,MAR08750
699,MAR04250
700,MAR04290
701,MAR04444
702,MAR02239
703,MAR09060
704,MAR05343
705,MAR01743
706,MAR03498
707,MAR07674
708,MAR08465
709,MAR06816
710,MAR08034
711,MAR00125
712,MAR03109
713,MAR06013
714,MAR12165
715,MAR02540
716,MAR07364
717,MAR00126
718,MAR03757
719,MAR00294
720,MAR07829
721,MAR03661
722,MAR04370
723,MAR08353
724,MAR05256
725,MAR03634
726,MAR01009
727,MAR02391
728,MAR08498
729,MAR00400
730,MAR02924
731,MAR01153
732,MAR09949
733,MAR00191
734,MAR05335
735,MAR06544
736,MAR03286
737,MAR03672
738,MAR01064
739,MAR00087
740,MAR03406
741,MAR01031
742,MAR04504
743,MAR07880
744,MAR07986
745,MAR00418
746,MAR03032
747,MAR04582
748,MAR07034
749,MAR04044
750,MAR11700
751,MAR09489
752,MAR02155
753,MAR00516
754,MAR07762
755,MAR01096
756,MAR04670
757,MAR00060
758,MAR05364
759,MAR11582
760,MAR08609
761,MAR06033
762,MAR05083
763,MAR00936
764,MAR06486
765,MAR06649
766,MAR07597
767,MAR00058
768,MAR02258
769,MAR12173
770,MAR01318
771,MAR04182
772,MAR03899
773,MAR07651
774,MAR01186
775,MAR01746
776,MAR06438
777,MAR12239
778,MAR04967
779,MAR01610
780,MAR04576
781,MAR02210
782,MAR08152
783,MAR01105
784,MAR00382
785,MAR08460
786,MAR04973
787,MAR02413
788,MAR11486
789,MAR02584
790,MAR09798
791,MAR09807
792,MAR04430
793,MAR04755
794,MAR00278
795,MAR09870
796,MAR04200
797,MAR00249
798,MAR03493
799,MAR02330
800,MAR00969
801,MAR05420
802,MAR03701
803,MAR05855
804,MAR10110
805,MAR05108
806,MAR06909
807,MAR05747
808,MAR06023
809,MAR04896
810,MAR00648
811,MAR06036
812,MAR09959
813,MAR00263
814,MAR00144
815,MAR04198
816,MAR02332
817,MAR06595
818,MAR01167
819,MAR12305
820,MAR02055
821,MAR09939
822,MAR00417
823,MAR02730
824,MAR00390
825,MAR11316
826,MAR01910
827,MAR00190
828,MAR06553
829,MAR09889
830,MAR07849
831,MAR10393
832,MAR08046
833,MAR02530
834,MAR01614
835,MAR02740
836,MAR01502
837,MAR02593
838,MAR05995
839,MAR07957
840,MAR00271
841,MAR00330
842,MAR05455
843,MAR03522
844,MAR00534
845,MAR04589
846,MAR12294
847,MAR07521
848,MAR02418
849,MAR00413
850,MAR11480
851,MAR03897
852,MAR00360
853,MAR01314
854,MAR03117
855,MAR03737
856,MAR08806
857,MAR01190
858,MAR00298
859,MAR06829
860,MAR01659
861,MAR03856
862,MAR11394
863,MAR05595
864,MAR00675
865,MAR11625
866,MAR05915
867,MAR11357
868,MAR04630
869,MAR06336
870,MAR07780
871,MAR12154
872,MAR08830
873,MAR05713
874,MAR00328
875,MAR01089
876,MAR00438
877,MAR01233
878,MAR05046
879,MAR05425
880,MAR02686
881,MAR03630
882,MAR04595
883,MAR02465
884,MAR02061
885,MAR00773
886,MAR10014
887,MAR08749
888,MAR07657
889,MAR03950
890,MAR01117
891,MAR00282
892,MAR11294
893,MAR01370
894,MAR02640
895,MAR00535
896,MAR02313
897,MAR00210
898,MAR01640
899,MAR07130
900,MAR05909
901,MAR01802
902,MAR04176
903,MAR02351
904,MAR06993
905,MAR09881
906,MAR02752
907,MAR11375
908,MAR12307
909,MAR02526
910,MAR02648
911,MAR04712
912,MAR08659
913,MAR06012
914,MAR02522
915,MAR03055
916,MAR03022
917,MAR10098
918,MAR11577
919,MAR07982
920,MAR07926
921,MAR01312
922,MAR01442
923,MAR01274
924,MAR05091
925,MAR04520
926,MAR00481
927,MAR11411
928,MAR00513
929,MAR08507
930,MAR10392
931,MAR07087
932,MAR03685
933,MAR05638
934,MAR04591
935,MAR02004
936,MAR04635
937,MAR11607
938,MAR02168
939,MAR05688
940,MAR11545
941,MAR03172
942,MAR01259
943,MAR02037
944,MAR02139
945,MAR05869
946,MAR02281
947,MAR05051
948,MAR12242
949,MAR06383
950,MAR00965
951,MAR00991
952,MAR07143
953,MAR02484
954,MAR09598
955,MAR04702
956,MAR03198
957,MAR02674
958,MAR06754
959,MAR01595
960,MAR04975
961,MAR04375
962,MAR06632
963,MAR02003
964,MAR02354
965,MAR04559
966,MAR02262
967,MAR05320
968,MAR03718
969,MAR06629
970,MAR06355
971,MAR02231
972,MAR03114
973,MAR02993
974,MAR10447
975,MAR05377
976,MAR02491
977,MAR11479
978,MAR00487
979,MAR00266
980,MAR12197
981,MAR00780
982,MAR06000
983,MAR03803
984,MAR11521
985,MAR00949
986,MAR10161
987,MAR03683
988,MAR06752
989,MAR07792
990,MAR04638
991,MAR01122
992,MAR02503
993,MAR00495
994,MAR02481
995,MAR06920
996,MAR00396
997,MAR06324
998,MAR02147
999,MAR08558
1000,MAR04243
1001,MAR04731
1002,MAR04697
1003,MAR04580
1004,MAR01555
1005,MAR06702
1006,MAR04152
1007,MAR00477
1008,MAR11595
1009,MAR02143
1010,MAR05844
1011,MAR04848
1012,MAR08735
1013,MAR03143
1014,MAR04352
1015,MAR05710
1016,MAR03887
1017,MAR02236
1018,MAR01375
1019,MAR06017
1020,MAR01093
1021,MAR10021
1022,MAR05071
1023,MAR02766
1024,MAR02304
1025,MAR03170
1026,MAR01748
1027,MAR07876
1028,MAR01297
1029,MAR04956
1030,MAR06358
1031,MAR04245
1032,MAR07073
1033,MAR00252
1034,MAR00086
1035,MAR01726
1036,MAR04056
1037,MAR09651
1038,MAR04632
1039,MAR02230
1040,MAR02768
1041,MAR05815
1042,MAR04536
1043,MAR01287
1044,MAR08069
1045,MAR05312
1046,MAR07492
1047,MAR03398
1048,MAR07730
1049,MAR02342
1050,MAR04881
1051,MAR05678
1052,MAR05619
1053,MAR11314
1054,MAR02493
1055,MAR09817
1056,MAR08557
1057,MAR01548
1058,MAR10128
1059,MAR00102
1060,MAR07990
1061,MAR00972
1062,MAR01508
1063,MAR06550
1064,MAR12266
1065,MAR05752
1066,MAR00514
1067,MAR02548
1068,MAR01567
1069,MAR01054
1070,MAR03279
1071,MAR06373
1072,MAR02374
1073,MAR03203
1074,MAR04501
1075,MAR01157
1076,MAR00176
1077,MAR03769
1078,MAR01797
1079,MAR07691
1080,MAR02384
1081,MAR11600
1082,MAR00018
1083,MAR05767
1084,MAR05674
1085,MAR00681
1086,MAR00541
1087,MAR12244
1088,MAR04587
1089,MAR00268
1090,MAR08520
1091,MAR02005
1092,MAR02689
1093,MAR02232
1094,MAR00770
1095,MAR01700
1096,MAR09890
1097,MAR11602
1098,MAR03193
1099,MAR05528
1100,MAR11722
1101,MAR07125
1102,MAR03854
1103,MAR06449
1104,MAR02605
1105,MAR07006
1106,MAR00112
1107,MAR09465
1108,MAR05321
1109,MAR01691
1110,MAR02665
1111,MAR03681
1112,MAR07892
1113,MAR01241
1114,MAR07827
1115,MAR00469
1116,MAR07928
1117,MAR04301
1118,MAR02520
1119,MAR05136
1120,MAR03018
1121,MAR04116
1122,MAR08341
1123,MAR07062
1124,MAR03292
1125,MAR07066
1126,MAR03712
1127,MAR01107
1128,MAR04666
1129,MAR12289
1130,MAR01321
1131,MAR02528
1132,MAR12148
1133,MAR00327
1134,MAR05719
1135,MAR03853
1136,MAR01454
1137,MAR08108
1138,MAR01896
1139,MAR02264
1140,MAR08889
1141,MAR01799
1142,MAR06280
1143,MAR03495
1144,MAR05387
1145,MAR01382
1146,MAR03111
1147,MAR05330
1148,MAR10453
1149,MAR05859
1150,MAR07820
1151,MAR03716
1152,MAR01553
1153,MAR02650
1154,MAR00907
1155,MAR05728
1156,MAR03301
1157,MAR10001
1158,MAR04471
1159,MAR00539
1160,MAR02469
1161,MAR02286
1162,MAR07538
1163,MAR03977
1164,MAR04171
1165,MAR02183
1166,MAR07064
1167,MAR04105
1168,MAR05653
1169,MAR04506
1170,MAR09022
1171,MAR03842
1172,MAR00197
1173,MAR10102
1174,MAR08147
1175,MAR00412
1176,MAR06713
1177,MAR05392
1178,MAR06838
1179,MAR00938
1180,MAR06080
1181,MAR02254
1182,MAR09734
1183,MAR11489
1184,MAR02969
1185,MAR11736
1186,MAR01576
1187,MAR08440
1188,MAR02246
1189,MAR08556
1190,MAR07873
1191,MAR02541
1192,MAR07854
1193,MAR05790
1194,MAR01676
1195,MAR06507
1196,MAR02957
1197,MAR11377
1198,MAR02270
1199,MAR00094
1200,MAR08254
1201,MAR07040
1202,MAR08582
1203,MAR06434
1204,MAR09616
1205,MAR03686
1206,MAR06587
1207,MAR06493
1208,MAR03319
1209,MAR03885
1210,MAR05623
1211,MAR07323
1212,MAR02580
1213,MAR06876
1214,MAR13003
1215,MAR00992
1216,MAR01136
1217,MAR03706
1218,MAR03232
1219,MAR02268
1220,MAR05027
1221,MAR01754
1222,MAR00401
1223,MAR01286
1224,MAR07354
1225,MAR01853
1226,MAR02594
1227,MAR01690
1228,MAR10068
1229,MAR02720
1230,MAR11762
1231,MAR02906
1232,MAR08775
1233,MAR07879
1234,MAR05293
1235,MAR01777
1236,MAR06442
1237,MAR05665
1238,MAR06714
1239,MAR00388
1240,MAR12286
1241,MAR00616
1242,MAR01981
1243,MAR03037
1244,MAR08205
1245,MAR09516
1246,MAR07439
1247,MAR04451
1248,MAR04069
1249,MAR11750
1250,MAR11544
1251,MAR02325
1252,MAR01589
1253,MAR10112
1254,MAR07193
1255,MAR01379
1256,MAR03396
1257,MAR03185
1258,MAR01547
1259,MAR05580
1260,MAR08944
1261,MAR03837
1262,MAR01171
1263,MAR00954
1264,MAR06554
1265,MAR00380
1266,MAR08876
1267,MAR04214
1268,MAR07447
1269,MAR05769
1270,MAR05523
1271,MAR05729
1272,MAR04235
1273,MAR01718
1274,MAR05821
1275,MAR01684
1276,MAR11626
1277,MAR02365
1278,MAR07802
1279,MAR06650
1280,MAR02157
1281,MAR07634
1282,MAR00183
1283,MAR01138
1284,MAR00478
1285,MAR04845
1286,MAR11759
1287,MAR01040
1288,MAR08415
1289,MAR12274
1290,MAR04431
1291,MAR03309
1292,MAR00265
1293,MAR03840
1294,MAR00930
1295,MAR03633
1296,MAR06525
1297,MAR07319
1298,MAR04690
1299,MAR06166
1300,MAR05904
1301,MAR06922
1302,MAR01373
1303,MAR02546
1304,MAR00198
1305,MAR08794
1306,MAR00001
1307,MAR05456
1308,MAR07015
1309,MAR00366
1310,MAR02764
1311,MAR08563
1312,MAR09887
1313,MAR05854
1314,MAR07783
1315,MAR01575
1316,MAR00633
1317,MAR02140
1318,MAR01443
1319,MAR01081
1320,MAR02030
1321,MAR01275
1322,MAR04672
1323,MAR00646
1324,MAR01065
1325,MAR00749
1326,MAR03072
1327,MAR03236
1328,MAR02407
1329,MAR02308
1330,MAR05784
1331,MAR04993
1332,MAR03239
1333,MAR08185
1334,MAR00361
1335,MAR02984
1336,MAR02412
1337,MAR08535
1338,MAR00506
1339,MAR06651
1340,MAR13086
1341,MAR02673
1342,MAR07219
1343,MAR03458
1344,MAR03695
1345,MAR07863
1346,MAR04109
1347,MAR12162
1348,MAR06096
1349,MAR02240
1350,MAR05864
1351,MAR07175
1352,MAR08366
1353,MAR07482
1354,MAR02927
1355,MAR05393
1356,MAR02276
1357,MAR04165
1358,MAR05181
1359,MAR07999
1360,MAR06527
1361,MAR11430
1362,MAR07699
1363,MAR02171
1364,MAR06726
1365,MAR07908
1366,MAR02457
1367,MAR03617
1368,MAR00277
1369,MAR09517
1370,MAR03766
1371,MAR00313
1372,MAR05597
1373,MAR02579
1374,MAR10119
1375,MAR00754
1376,MAR01846
1377,MAR06644
1378,MAR02034
1379,MAR00192
1380,MAR06506
1381,MAR08971
1382,MAR02705
1383,MAR08669
1384,MAR03105
1385,MAR01106
1386,MAR02344
1387,MAR02760
1388,MAR01451
1389,MAR01467
1390,MAR07069
1391,MAR02428
1392,MAR06283
1393,MAR00363
1394,MAR11418
1395,MAR01043
1396,MAR03158
1397,MAR10105
1398,MAR05655
1399,MAR07180
1400,MAR08427
1401,MAR01034
1402,MAR03008
1403,MAR05072
1404,MAR12163
1405,MAR01139
1406,MAR07866
1407,MAR06565
1408,MAR05593
1409,MAR07552
1410,MAR05787
1411,MAR06894
1412,MAR08677
1413,MAR08934
1414,MAR11374
1415,MAR03989
1416,MAR09879
1417,MAR03967
1418,MAR06332
1419,MAR07371
1420,MAR08151
1421,MAR11596
1422,MAR00980
1423,MAR04058
1424,MAR11308
1425,MAR10153
1426,MAR02255
1427,MAR06432
1428,MAR06636
1429,MAR03710
1430,MAR11698
1431,MAR13083
1432,MAR03726
1433,MAR03668
1434,MAR01519
1435,MAR02759
1436,MAR07857
1437,MAR04285
1438,MAR04750
1439,MAR00660
1440,MAR07686
1441,MAR02537
1442,MAR06562
1443,MAR05631
1444,MAR08501
1445,MAR04660
1446,MAR00345
1447,MAR01144
1448,MAR05748
1449,MAR06641
1450,MAR05052
1451,MAR01202
1452,MAR06746
1453,MAR03833
1454,MAR05996
1455,MAR07019
1456,MAR07153
1457,MAR08846
1458,MAR08533
1459,MAR05671
1460,MAR05379
1461,MAR02153
1462,MAR06616
1463,MAR01256
1464,MAR11590
1465,MAR06556
1466,MAR04841
1467,MAR02767
1468,MAR00310
1469,MAR00458
1470,MAR04797
1471,MAR07754
1472,MAR07028
1473,MAR00492
1474,MAR04385
1475,MAR01552
1476,MAR00391
1477,MAR03739
1478,MAR00173
1479,MAR04505
1480,MAR03287
1481,MAR03255
1482,MAR05919
1483,MAR07360
1484,MAR06145
1485,MAR07598
1486,MAR07737
1487,MAR05190
1488,MAR06484
1489,MAR07520
1490,MAR00064
1491,MAR00952
1492,MAR04772
1493,MAR11315
1494,MAR06570
1495,MAR05763
1496,MAR01976
1497,MAR03336
1498,MAR03646
1499,MAR03156
1500,MAR08488
1501,MAR02556
1502,MAR02327
1503,MAR04540
1504,MAR01624
1505,MAR03230
1506,MAR00410
1507,MAR00340
1508,MAR01146
1509,MAR01813
1510,MAR04348
1511,MAR02718
1512,MAR03699
1513,MAR04634
1514,MAR08726
1515,MAR10409
1516,MAR06359
1517,MAR08658
1518,MAR04567
1519,MAR00171
1520,MAR07931
1521,MAR00212
1522,MAR00427
1523,MAR04721
1524,MAR03675
1525,MAR05411
1526,MAR05041
1527,MAR08604
1528,MAR05179
1529,MAR04500
1530,MAR02289
1531,MAR00246
1532,MAR02480
1533,MAR02478
1534,MAR04365
1535,MAR07789
1536,MAR06552
1537,MAR07794
1538,MAR02190
1539,MAR12237
1540,MAR03228
1541,MAR00668
1542,MAR02742
1543,MAR03993
1544,MAR03395
1545,MAR04066
1546,MAR05714
1547,MAR05515
1548,MAR06770
1549,MAR03023
1550,MAR02737
1551,MAR00777
1552,MAR05326
1553,MAR05596
1554,MAR08477
1555,MAR02426
1556,MAR02294
1557,MAR05832
1558,MAR04546
1559,MAR07174
1560,MAR01468
1561,MAR11648
1562,MAR05432
1563,MAR03829
1564,MAR06725
1565,MAR05964
1566,MAR04212
1567,MAR09901
1568,MAR08141
1569,MAR03113
1570,MAR03741
1571,MAR03262
1572,MAR01551
1573,MAR11476
1574,MAR00237
1575,MAR05754
1576,MAR03194
1577,MAR00289
1578,MAR08560
1579,MAR11612
1580,MAR06476
1581,MAR10163
1582,MAR00789
1583,MAR01110
1584,MAR01509
1585,MAR06631
1586,MAR03654
1587,MAR01492
1588,MAR03497
1589,MAR00309
1590,MAR01739
1591,MAR06537
1592,MAR05608
1593,MAR02260
1594,MAR02186
1595,MAR03903
1596,MAR05069
1597,MAR00041
1598,MAR00898
1599,MAR10129
1600,MAR04770
1601,MAR12302
1602,MAR10146
1603,MAR00397
1604,MAR04512
1605,MAR00981
1606,MAR07017
1607,MAR01344
1608,MAR12270
1609,MAR03078
1610,MAR04453
1611,MAR11853
1612,MAR06010
1613,MAR07481
1614,MAR09818
1615,MAR04616
1616,MAR00243
1617,MAR04883
1618,MAR06003
1619,MAR00107
1620,MAR03916
1621,MAR04722
1622,MAR05589
1623,MAR07369
1624,MAR11224
1625,MAR03380
1626,MAR07595
1627,MAR04778
1628,MAR02682
1629,MAR03475
1630,MAR00217
1631,MAR09762
1632,MAR04590
1633,MAR03200
1634,MAR06785
1635,MAR00653
1636,MAR01166
1637,MAR05074
1638,MAR00321
1639,MAR12189
1640,MAR05602
1641,MAR00214
1642,MAR02559
1643,MAR00134
1644,MAR02980
1645,MAR07709
1646,MAR06676
1647,MAR03389
1648,MAR01999
1649,MAR02381
1650,MAR01115
1651,MAR03851
1652,MAR06569
1653,MAR10172
1654,MAR08352
1655,MAR04186
1656,MAR10059
1657,MAR05009
1658,MAR04199
1659,MAR09880
1660,MAR05698
1661,MAR00428
1662,MAR02321
1663,MAR08814
1664,MAR03254
1665,MAR02578
1666,MAR06986
1667,MAR09874
1668,MAR01319
1669,MAR01178
1670,MAR04024
1671,MAR05329
1672,MAR01681
1673,MAR05828
1674,MAR02138
1675,MAR02252
1676,MAR03980
1677,MAR02554
1678,MAR05150
1679,MAR01191
1680,MAR04054
1681,MAR08474
1682,MAR05910
1683,MAR00230
1684,MAR05884
1685,MAR10095
1686,MAR04224
1687,MAR03021
1688,MAR02710
1689,MAR04089
1690,MAR02002
1691,MAR00529
1692,MAR01440
1693,MAR00747
1694,MAR00254
1695,MAR02205
1696,MAR04804
1697,MAR03817
1698,MAR01062
1699,MAR03275
1700,MAR05331
1701,MAR04404
1702,MAR01505
1703,MAR05830
1704,MAR00602
1705,MAR11260
1706,MAR04231
1707,MAR07480
1708,MAR07475
1709,MAR06545
1710,MAR02114
1711,MAR01958
1712,MAR05868
1713,MAR00682
1714,MAR08032
1715,MAR00262
1716,MAR05887
1717,MAR00996
1718,MAR01019
1719,MAR02023
1720,MAR00376
1721,MAR11704
1722,MAR04331
1723,MAR07972
1724,MAR00393
1725,MAR02052
1726,MAR06858
1727,MAR12243
1728,MAR05852
1729,MAR05689
1730,MAR05405
1731,MAR02661
1732,MAR08925
1733,MAR04196
1734,MAR10082
1735,MAR07359
1736,MAR02770
1737,MAR02441
1738,MAR02182
1739,MAR05965
1740,MAR04593
1741,MAR04910
1742,MAR02707
1743,MAR01960
1744,MAR02179
1745,MAR00744
1746,MAR11738
1747,MAR06352
1748,MAR05082
1749,MAR02583
1750,MAR07958
1751,MAR05270
1752,MAR04648
1753,MAR01768
1754,MAR00389
1755,MAR02651
1756,MAR08693
1757,MAR03214
1758,MAR02670
1759,MAR04696
1760,MAR00767
1761,MAR04028
1762,MAR01765
1763,MAR04372
1764,MAR01883
1765,MAR05734
1766,MAR05298
1767,MAR03423
1768,MAR03676
1769,MAR02234
1770,MAR02375
1771,MAR06053
1772,MAR02132
1773,MAR07349
1774,MAR02172
1775,MAR04771
1776,MAR05818
1777,MAR11720
1778,MAR00168
1779,MAR04396
1780,MAR03362
1781,MAR01776
1782,MAR09992
1783,MAR08255
1784,MAR03720
1785,MAR06547
1786,MAR00333
1787,MAR10176
1788,MAR05827
1789,MAR01317
1790,MAR09908
1791,MAR01216
1792,MAR05268
1793,MAR06341
1794,MAR04135
1795,MAR02173
1796,MAR08670
1797,MAR04509
1798,MAR09892
1799,MAR01483
1800,MAR01033
1801,MAR04201
1802,MAR05373
1803,MAR00404
1804,MAR07816
1805,MAR06494
1806,MAR05793
1807,MAR07162
1808,MAR02509
1809,MAR05760
1810,MAR04350
1811,MAR05029
1812,MAR01235
1813,MAR02165
1814,MAR01002
1815,MAR03456
1816,MAR07336
1817,MAR00945
1818,MAR05933
1819,MAR11552
1820,MAR00922
1821,MAR02125
1822,MAR04130
1823,MAR04163
1824,MAR05372
1825,MAR06786
1826,MAR01993
1827,MAR04974
1828,MAR11266
1829,MAR06391
1830,MAR07843
1831,MAR01025
1832,MAR00649
1833,MAR01014
1834,MAR01562
1835,MAR08349
1836,MAR01892
1837,MAR03774
1838,MAR05872
1839,MAR05822
1840,MAR01528
1841,MAR06347
1842,MAR04707
1843,MAR03212
1844,MAR03815
1845,MAR02305
1846,MAR02359
1847,MAR11619
1848,MAR00346
1849,MAR08499
1850,MAR06566
1851,MAR01982
1852,MAR04728
1853,MAR05626
1854,MAR07774
1855,MAR08437
1856,MAR05439
1857,MAR04781
1858,MAR02044
1859,MAR03982
1860,MAR06487
1861,MAR08487
1862,MAR07012
1863,MAR03107
1864,MAR02389
1865,MAR01126
1866,MAR01195
1867,MAR03635
1868,MAR00367
1869,MAR03283
1870,MAR03968
1871,MAR04194
1872,MAR05444
1873,MAR05670
1874,MAR01585
1875,MAR04601
1876,MAR00303
1877,MAR06680
1878,MAR06020
1879,MAR07355
1880,MAR05047
1881,MAR03733
1882,MAR00489
1883,MAR07370
1884,MAR00995
1885,MAR09627
1886,MAR00368
1887,MAR11616
1888,MAR05612
1889,MAR04174
1890,MAR06548
1891,MAR06024
1892,MAR07684
1893,MAR00106
1894,MAR02679
1895,MAR01082
1896,MAR07862
1897,MAR05717
1898,MAR08429
1899,MAR02184
1900,MAR00636
1901,MAR04388
1902,MAR02053
1903,MAR10125
1904,MAR03509
1905,MAR03455
1906,MAR07814
1907,MAR04912
1908,MAR00435
1909,MAR11381
1910,MAR10448
1911,MAR08803
1912,MAR02191
1913,MAR08346
1914,MAR03956
1915,MAR08173
1916,MAR03795
1917,MAR02676
1918,MAR11310
1919,MAR04852
1920,MAR11857
1921,MAR01366
1922,MAR03629
1923,MAR05271
1924,MAR09953
1925,MAR02187
1926,MAR09590
1927,MAR07259
1928,MAR06242
1929,MAR11627
1930,MAR04773
1931,MAR06409
1932,MAR04083
1933,MAR03502
1934,MAR04900
1935,MAR00323
1936,MAR05681
1937,MAR03204
1938,MAR08503
1939,MAR04450
1940,MAR02216
1941,MAR09886
1942,MAR01970
1943,MAR02397
1944,MAR01236
1945,MAR02265
1946,MAR11534
1947,MAR00339
1948,MAR05771
1949,MAR00562
1950,MAR07347
1951,MAR00520
1952,MAR02895
1953,MAR03959
1954,MAR05133
1955,MAR05721
1956,MAR00589
1957,MAR00047
1958,MAR01682
1959,MAR07345
1960,MAR02390
1961,MAR05753
1962,MAR06586
1963,MAR06057
1964,MAR05474
1965,MAR05188
1966,MAR01246
1967,MAR08727
1968,MAR03905
1969,MAR03507
1970,MAR07368
1971,MAR02977
1972,MAR03907
1973,MAR12260
1974,MAR03527
1975,MAR02048
1976,MAR05140
1977,MAR00306
1978,MAR11462
1979,MAR00348
1980,MAR11239
1981,MAR05650
1982,MAR07772
1983,MAR08773
1984,MAR08216
1985,MAR06729
1986,MAR01973
1987,MAR09885
1988,MAR01227
1989,MAR04785
1990,MAR03920
1991,MAR08373
1992,MAR02042
1993,MAR03097
1994,MAR06789
1995,MAR12268
1996,MAR02697
1997,MAR06999
1998,MAR04425
1999,MAR00597
2000,MAR05362
2001,MAR01389
2002,MAR03211
2003,MAR08634
2004,MAR03220
2005,MAR06981
2006,MAR10020
2007,MAR08099
2008,MAR05618
2009,MAR01298
2010,MAR01226
2011,MAR05607
2012,MAR06151
2013,MAR00918
2014,MAR06374
2015,MAR09937
2016,MAR01911
2017,MAR04020
2018,MAR01325
2019,MAR05000
2020,MAR07255
2021,MAR01151
2022,MAR09486
2023,MAR07891
2024,MAR02095
2025,MAR11243
2026,MAR00982
2027,MAR04048
2028,MAR04799
2029,MAR07578
2030,MAR11793
2031,MAR00419
2032,MAR03190
2033,MAR06051
2034,MAR03197
2035,MAR00509
2036,MAR11499
2037,MAR06597
2038,MAR08982
2039,MAR01143
2040,MAR00911
2041,MAR09950
2042,MAR01775
2043,MAR08826
2044,MAR04177
2045,MAR05682
2046,MAR05703
2047,MAR12145
2048,MAR06665
2049,MAR05839
2050,MAR02115
2051,MAR02296
2052,MAR02654
2053,MAR07910
2054,MAR03725
2055,MAR11539
2056,MAR00201
2057,MAR05043
2058,MAR05182
2059,MAR05838
2060,MAR00736
2061,MAR04796
2062,MAR05307
2063,MAR07864
2064,MAR08187
2065,MAR03206
2066,MAR01671
2067,MAR06470
2068,MAR00329
2069,MAR07771
2070,MAR00449
2071,MAR05739
2072,MAR01549
2073,MAR00279
2074,MAR04996
2075,MAR00931
2076,MAR05738
2077,MAR04705
2078,MAR06284
2079,MAR01005
2080,MAR02942
2081,MAR05019
2082,MAR05772
2083,MAR02424
2084,MAR07912
2085,MAR00285
2086,MAR01501
2087,MAR04745
2088,MAR01484
2089,MAR07828
2090,MAR04701
2091,MAR02009
2092,MAR06549
2093,MAR00459
2094,MAR06919
2095,MAR09872
2096,MAR00432
2097,MAR02395
2098,MAR04323
2099,MAR00709
2100,MAR02206
2101,MAR04185
2102,MAR04604
2103,MAR07785
2104,MAR00347
2105,MAR01704
2106,MAR04168
2107,MAR06938
2108,MAR06599
2109,MAR05313
2110,MAR04646
2111,MAR08074
2112,MAR05883
2113,MAR03413
2114,MAR04578
2115,MAR01491
2116,MAR04446
2117,MAR07008
2118,MAR06861
2119,MAR11613
2120,MAR05628
2121,MAR00758
2122,MAR04007
2123,MAR11380
2124,MAR03168
2125,MAR04367
2126,MAR06436
2127,MAR04373
2128,MAR02436
2129,MAR09954
2130,MAR00015
2131,MAR03182
2132,MAR04391
2133,MAR12299
2134,MAR02383
2135,MAR11716
2136,MAR01183
2137,MAR06469
2138,MAR11513
2139,MAR04232
2140,MAR05776
2141,MAR03531
2142,MAR02562
2143,MAR03975
2144,MAR05034
2145,MAR09494
2146,MAR02951
2147,MAR03960
2148,MAR11622
2149,MAR00824
2150,MAR10171
2151,MAR05756
2152,MAR04673
2153,MAR07005
2154,MAR04561
2155,MAR00433
2156,MAR03881
2157,MAR00206
2158,MAR00057
2159,MAR00146
2160,MAR07793
2161,MAR00362
2162,MAR04780
2163,MAR02947
2164,MAR08628
2165,MAR04127
2166,MAR08691
2167,MAR11608
2168,MAR02154
2169,MAR03674
2170,MAR06561
2171,MAR01838
2172,MAR00522
2173,MAR07667
2174,MAR00318
2175,MAR00272
2176,MAR07105
2177,MAR02533
2178,MAR05427
2179,MAR02885
2180,MAR11621
2181,MAR06462
2182,MAR02668
2183,MAR04922
2184,MAR02245
2185,MAR00916
2186,MAR05788
2187,MAR05437
2188,MAR00287
2189,MAR00300
2190,MAR13002
2191,MAR03180
2192,MAR00974
2193,MAR07024
2194,MAR08859
2195,MAR01345
2196,MAR00970
2197,MAR02734
2198,MAR06491
2199,MAR01116
2200,MAR01161
2201,MAR01884
2202,MAR09909
2203,MAR10374
2204,MAR03669
2205,MAR06731
2206,MAR06658
2207,MAR00986
2208,MAR03372
2209,MAR01332
2210,MAR12185
2211,MAR05704
2212,MAR01092
2213,MAR01844
2214,MAR07059
2215,MAR02620
2216,MAR06275
2217,MAR10381
2218,MAR08607
2219,MAR03454
2220,MAR05356
2221,MAR08106
2222,MAR04622
2223,MAR00153
2224,MAR02421
2225,MAR01979
2226,MAR03064
2227,MAR00760
2228,MAR08939
2229,MAR01387
2230,MAR00174
2231,MAR08072
2232,MAR04885
2233,MAR03452
2234,MAR04987
2235,MAR01011
2236,MAR05066
2237,MAR05966
2238,MAR06656
2239,MAR02693
2240,MAR12176
2241,MAR03807
2242,MAR03282
2243,MAR07343
2244,MAR05457
2245,MAR01615
2246,MAR05403
2247,MAR00536
2248,MAR05333
2249,MAR03663
2250,MAR00421
2251,MAR09948
2252,MAR04915
2253,MAR03438
2254,MAR06965
2255,MAR03257
2256,MAR06732
2257,MAR01550
2258,MAR00226
2259,MAR04411
2260,MAR01487
2261,MAR02996
2262,MAR09599
2263,MAR07936
2264,MAR03957
2265,MAR05283
2266,MAR02935
2267,MAR02687
2268,MAR01546
2269,MAR06467
2270,MAR06427
2271,MAR01444
2272,MAR05742
2273,MAR11702
2274,MAR07067
2275,MAR12288
2276,MAR06382
2277,MAR00677
2278,MAR02235
2279,MAR07519
2280,MAR03628
2281,MAR05865
2282,MAR08278
2283,MAR04793
2284,MAR05629
2285,MAR07628
2286,MAR08941
2287,MAR03830
2288,MAR08974
2289,MAR03935
2290,MAR08766
2291,MAR01662
2292,MAR11397
2293,MAR08768
2294,MAR06995
2295,MAR01437
2296,MAR12295
2297,MAR00453
2298,MAR06832
2299,MAR00038
2300,MAR07053
2301,MAR03752
2302,MAR01296
2303,MAR01625
2304,MAR07973
2305,MAR00933
2306,MAR03457
2307,MAR00434
2308,MAR04428
2309,MAR05733
2310,MAR08485
2311,MAR00012
2312,MAR06661
2313,MAR00202
2314,MAR01006
2315,MAR08614
2316,MAR05177
2317,MAR00892
2318,MAR05275
2319,MAR02336
2320,MAR01436
2321,MAR02403
2322,MAR07141
2323,MAR04700
2324,MAR12172
2325,MAR08534
2326,MAR09611
2327,MAR06407
2328,MAR02566
2329,MAR02194
2330,MAR03080
2331,MAR05997
2332,MAR01024
2333,MAR08615
2334,MAR04681
2335,MAR02543
2336,MAR03115
2337,MAR00476
2338,MAR05648
2339,MAR11378
2340,MAR01788
2341,MAR02591
2342,MAR03965
2343,MAR00494
2344,MAR01150
2345,MAR05344
2346,MAR07930
2347,MAR05080
2348,MAR02699
2349,MAR08725
2350,MAR01130
2351,MAR05060
2352,MAR05056
2353,MAR06546
2354,MAR05591
2355,MAR05994
2356,MAR10018
2357,MAR06992
2358,MAR08513
2359,MAR04894
2360,MAR12238
2361,MAR02553
2362,MAR01101
2363,MAR07063
2364,MAR06682
2365,MAR04068
2366,MAR06975
2367,MAR03378
2368,MAR03691
2369,MAR03223
2370,MAR05885
2371,MAR02303
2372,MAR12281
2373,MAR00518
2374,MAR11614
2375,MAR03947
2376,MAR03713
2377,MAR04741
2378,MAR01769
2379,MAR04600
2380,MAR05269
2381,MAR07976
2382,MAR07811
2383,MAR06375
2384,MAR00381
2385,MAR11389
2386,MAR03166
2387,MAR05652
2388,MAR01265
2389,MAR11611
2390,MAR06101
2391,MAR05297
2392,MAR02990
2393,MAR00181
2394,MAR06719
2395,MAR02387
2396,MAR01545
2397,MAR05621
2398,MAR00270
2399,MAR03796
2400,MAR06638
2401,MAR07351
2402,MAR01194
2403,MAR02161
2404,MAR01651
2405,MAR00750
2406,MAR00119
2407,MAR02544
2408,MAR01279
2409,MAR05017
2410,MAR05911
2411,MAR08459
2412,MAR08212
2413,MAR01801
2414,MAR06874
2415,MAR05935
2416,MAR04302
2417,MAR04288
2418,MAR08835
2419,MAR00959
2420,MAR07333
2421,MAR02007
2422,MAR05694
2423,MAR00865
2424,MAR05078
2425,MAR01806
2426,MAR00352
2427,MAR01840
2428,MAR04210
2429,MAR04846
2430,MAR04550
2431,MAR02415
2432,MAR03348
2433,MAR02282
2434,MAR00532
2435,MAR01573
2436,MAR05737
2437,MAR00510
2438,MAR00110
2439,MAR01914
2440,MAR06437
2441,MAR06982
2442,MAR02535
2443,MAR06763
2444,MAR04511
2445,MAR02732
2446,MAR05603
2447,MAR12142
2448,MAR07934
2449,MAR02746
2450,MAR03909
2451,MAR06365
2452,MAR07869
2453,MAR09656
2454,MAR00415
2455,MAR01757
2456,MAR00299
2457,MAR02970
2458,MAR03651
2459,MAR01281
2460,MAR00154
2461,MAR00290
2462,MAR04716
2463,MAR02039
2464,MAR05110
2465,MAR11520
2466,MAR03110
2467,MAR03852
2468,MAR06046
2469,MAR08700
2470,MAR02130
2471,MAR01831
2472,MAR02675
2473,MAR09965
2474,MAR04052
2475,MAR05193
2476,MAR03680
2477,MAR12263
2478,MAR05633
2479,MAR07365
2480,MAR11463
2481,MAR00275
2482,MAR02419
2483,MAR06002
2484,MAR06610
2485,MAR02261
2486,MAR07030
2487,MAR05317
2488,MAR01228
2489,MAR00211
2490,MAR03889
2491,MAR08549
2492,MAR11384
2493,MAR05879
2494,MAR12024
2495,MAR05296
2496,MAR02376
2497,MAR00818
2498,MAR03284
2499,MAR01088
2500,MAR04280
2501,MAR00215
2502,MAR07325
2503,MAR04087
2504,MAR04571
2505,MAR12020
2506,MAR00542
2507,MAR00846
2508,MAR03724
2509,MAR02564
2510,MAR05632
2511,MAR06730
2512,MAR12094
2513,MAR01784
2514,MAR07701
2515,MAR00409
2516,MAR04942
2517,MAR05634
2518,MAR04934
2519,MAR10114
2520,MAR06005
2521,MAR07882
2522,MAR01949
2523,MAR04905
2524,MAR00359
2525,MAR02425
2526,MAR06664
2527,MAR02027
2528,MAR00365
2529,MAR08685
2530,MAR06994
2531,MAR03627
2532,MAR06001
2533,MAR03745
2534,MAR06019
2535,MAR05669
2536,MAR10011
2537,MAR00394
2538,MAR03174
2539,MAR03858
2540,MAR05732
2541,MAR02167
2542,MAR01180
2543,MAR05892
2544,MAR00045
2545,MAR05424
2546,MAR06513
2547,MAR11695
2548,MAR00732
2549,MAR02309
2550,MAR03855
2551,MAR00712
2552,MAR05862
2553,MAR05697
2554,MAR00791
2555,MAR03264
2556,MAR05992
2557,MAR07258
2558,MAR06526
2559,MAR00923
2560,MAR07479
2561,MAR01059
2562,MAR02035
2563,MAR09936
2564,MAR01100
2565,MAR01594
2566,MAR06896
2567,MAR06591
2568,MAR00774
2569,MAR01664
2570,MAR01473
2571,MAR03777
2572,MAR02978
2573,MAR07704
2574,MAR01095
2575,MAR04137
2576,MAR00258
2577,MAR07890
2578,MAR02964
2579,MAR02948
2580,MAR02966
2581,MAR03625
2582,MAR05390
2583,MAR07106
2584,MAR05957
2585,MAR01880
2586,MAR04526
2587,MAR05587
2588,MAR06781
2589,MAR05639
2590,MAR03875
2591,MAR03632
2592,MAR04735
2593,MAR08276
2594,MAR03163
2595,MAR11555
2596,MAR05391
2597,MAR04460
2598,MAR08021
2599,MAR00179
2600,MAR06508
2601,MAR08372
2602,MAR05967
2603,MAR02144
2604,MAR00756
2605,MAR09617
2606,MAR06533
2607,MAR01289
2608,MAR00788
2609,MAR08819
2610,MAR02300
2611,MAR04530
2612,MAR02369
2613,MAR01258
2614,MAR12146
2615,MAR04346
2616,MAR03946
2617,MAR04208
2618,MAR08922
2619,MAR10067
2620,MAR05934
2621,MAR03411
2622,MAR02582
2623,MAR12025
2624,MAR06777
2625,MAR04321
2626,MAR06130
2627,MAR04004
2628,MAR04040
2629,MAR01149
2630,MAR01163
2631,MAR06163
2632,MAR03381
2633,MAR02150
2634,MAR02671
2635,MAR07491
2636,MAR05829
2637,MAR07633
2638,MAR03827
2639,MAR06320
2640,MAR03800
2641,MAR11529
2642,MAR03747
2643,MAR01032
2644,MAR11771
2645,MAR04653
2646,MAR08698
2647,MAR02683
2648,MAR00239
2649,MAR02054
2650,MAR05260
2651,MAR03937
2652,MAR07198
2653,MAR01169
2654,MAR01661
2655,MAR02623
2656,MAR01805
2657,MAR01147
2658,MAR07791
2659,MAR00308
2660,MAR03656
2661,MAR02001
2662,MAR04682
2663,MAR11246
2664,MAR07272
2665,MAR06701
2666,MAR03428
2667,MAR06481
2668,MAR00533
2669,MAR02141
2670,MAR05605
2671,MAR05745
2672,MAR03387
2673,MAR08094
2674,MAR00185
2675,MAR03770
2676,MAR08019
2677,MAR05132
2678,MAR02203
2679,MAR02625
2680,MAR03327
2681,MAR05375
2682,MAR05654
2683,MAR01605
2684,MAR02337
2685,MAR08936
2686,MAR04779
2687,MAR01812
2688,MAR04856
2689,MAR05478
2690,MAR02463
2691,MAR05369
2692,MAR00354
2693,MAR09899
2694,MAR08603
2695,MAR00216
2696,MAR07430
2697,MAR10368
2698,MAR11599
2699,MAR03649
2700,MAR08774
2701,MAR00307
2702,MAR00833
2703,MAR02434
2704,MAR09934
2705,MAR02368
2706,MAR00402
2707,MAR10425
2708,MAR00875
2709,MAR02630
2710,MAR05301
2711,MAR02189
2712,MAR05672
2713,MAR03332
2714,MAR00496
2715,MAR07129
2716,MAR07775
2717,MAR04156
2718,MAR02046
2719,MAR07021
2720,MAR02635
2721,MAR02416
2722,MAR00961
2723,MAR06477
2724,MAR01271
2725,MAR12159
2726,MAR07025
2727,MAR03901
2728,MAR06350
2729,MAR08000
2730,MAR04794
2731,MAR00486
2732,MAR05863
2733,MAR01324
2734,MAR02499
2735,MAR02663
2736,MAR01330
2737,MAR02393
2738,MAR00341
2739,MAR06703
2740,MAR03908
2741,MAR04401
2742,MAR06092
2743,MAR01471
2744,MAR02472
2745,MAR02497
2746,MAR05086
2747,MAR00491
2748,MAR06014
2749,MAR05699
2750,MAR01050
2751,MAR07800
2752,MAR03314
2753,MAR01941
2754,MAR08542
2755,MAR00248
2756,MAR03767
2757,MAR07896
2758,MAR05727
2759,MAR05137
2760,MAR00524
2761,MAR11766
2762,MAR06041
2763,MAR04810
2764,MAR05434
2765,MAR00508
2766,MAR03682
2767,MAR11772
2768,MAR03298
2769,MAR04586
2770,MAR06289
2771,MAR01394
2772,MAR09962
2773,MAR03612
2774,MAR02430
2775,MAR04064
2776,MAR00759
2777,MAR11581
2778,MAR02704
2779,MAR05067
2780,MAR00479
2781,MAR02414
2782,MAR03709
2783,MAR04347
2784,MAR08796
2785,MAR02586
2786,MAR07179
2787,MAR07158
2788,MAR11767
2789,MAR00224
2790,MAR07076
2791,MAR11787
2792,MAR01864
2793,MAR00141
2794,MAR02983
2795,MAR03189
2796,MAR11740
2797,MAR09906
2798,MAR01257
2799,MAR00599
2800,MAR06356
2801,MAR00238
2802,MAR03329
2803,MAR02284
2804,MAR00983
2805,MAR08975
2806,MAR03153
2807,MAR02324
2808,MAR01786
2809,MAR01148
2810,MAR06044
2811,MAR05044
2812,MAR10154
2813,MAR07938
2814,MAR03149
2815,MAR08601
2816,MAR03424
2817,MAR06812
2818,MAR00451
2819,MAR11530
2820,MAR04984
2821,MAR00859
2822,MAR06193
2823,MAR05723
2824,MAR00276
2825,MAR10141
2826,MAR00671
2827,MAR02642
2828,MAR02962
2829,MAR03030
2830,MAR07608
2831,MAR00251
2832,MAR01137
2833,MAR05063
2834,MAR04812
2835,MAR08800
2836,MAR00517
2837,MAR06787
2838,MAR07448
2839,MAR06428
2840,MAR03666
2841,MAR04631
2842,MAR01639
2843,MAR01132
2844,MAR06790
2845,MAR00543
2846,MAR03383
2847,MAR02677
2848,MAR05318
2849,MAR05693
2850,MAR08418
2851,MAR12169
2852,MAR08065
2853,MAR05049
2854,MAR03609
2855,MAR07974
2856,MAR10157
2857,MAR02238
2858,MAR05708
2859,MAR03964
2860,MAR12252
2861,MAR05702
2862,MAR07004
2863,MAR09604
2864,MAR10452
2865,MAR05149
2866,MAR08004
2867,MAR06555
2868,MAR10166
2869,MAR06190
2870,MAR00752
2871,MAR04570
2872,MAR00528
2873,MAR04440
2874,MAR08711
2875,MAR02193
2876,MAR06297
2877,MAR05663
2878,MAR06969
2879,MAR02616
2880,MAR06687
2881,MAR04394
2882,MAR03100
2883,MAR03322
2884,MAR08692
2885,MAR05724
2886,MAR08445
2887,MAR04281
2888,MAR05794
2889,MAR03416
2890,MAR00493
2891,MAR08084
2892,MAR05926
2893,MAR01462
2894,MAR04800
2895,MAR08758
2896,MAR02241
2897,MAR02754
2898,MAR07522
2899,MAR05774
2900,MAR07074
2901,MAR06530
2902,MAR00387
2903,MAR02378
2904,MAR07853
2905,MAR01209
2906,MAR08528
2907,MAR11468
2908,MAR11796
2909,MAR01273
2910,MAR09733
2911,MAR12196
2912,MAR06675
2913,MAR06637
2914,MAR06567
2915,MAR08772
2916,MAR07835
2917,MAR08497
2918,MAR08976
2919,MAR00379
2920,MAR07033
2921,MAR07992
2922,MAR00962
2923,MAR04253
2924,MAR07445
2925,MAR04402
2926,MAR06865
2927,MAR02015
2928,MAR05111
2929,MAR08129
2930,MAR04438
2931,MAR00259
2932,MAR01291
2933,MAR01221
2934,MAR02680
2935,MAR04914
2936,MAR00738
2937,MAR07637
2938,MAR11620
2939,MAR11764
2940,MAR12182
2941,MAR02714
2942,MAR06208
2943,MAR04992
2944,MAR05751
2945,MAR02555
2946,MAR05024
2947,MAR07362
2948,MAR07121
2949,MAR06385
2950,MAR02611
2951,MAR08894
2952,MAR01068
2953,MAR05076
2954,MAR08713
2955,MAR03487
2956,MAR00745
2957,MAR04602
2958,MAR05695
2959,MAR01253
2960,MAR07920
2961,MAR06678
2962,MAR01992
2963,MAR05366
2964,MAR02366
2965,MAR01042
2966,MAR11588
2967,MAR00371
2968,MAR03820
2969,MAR04893
2970,MAR07151
2971,MAR00256
2972,MAR01767
2973,MAR07352
2974,MAR00764
2975,MAR08824
2976,MAR00331
2977,MAR00525
2978,MAR02356
2979,MAR02989
2980,MAR03028
2981,MAR11756
2982,MAR03092
2983,MAR00997
2984,MAR01988
2985,MAR03439
2986,MAR03868
2987,MAR02180
2988,MAR00490
2989,MAR08765
2990,MAR08375
2991,MAR07152
2992,MAR04160
2993,MAR00069
2994,MAR01119
2995,MAR02776
2996,MAR07058
2997,MAR09893
2998,MAR03288
2999,MAR04542
3000,MAR00209
3001,MAR06030
3002,MAR06846
3003,MAR12297
3004,MAR03670
3005,MAR10127
3006,MAR06864
3007,MAR05706
3008,MAR06883
3009,MAR11589
3010,MAR02215
3011,MAR00527
3012,MAR07218
3013,MAR02972
3014,MAR04284
3015,MAR09903
3016,MAR04904
3017,MAR10061
3018,MAR06511
3019,MAR07113
3020,MAR09979
3021,MAR04038
3022,MAR02072
3023,MAR03524
3024,MAR04507
3025,MAR02288
3026,MAR05766
3027,MAR07764
3028,MAR01756
3029,MAR02233
3030,MAR02994
3031,MAR02088
3032,MAR06571
3033,MAR06497
3034,MAR07044
3035,MAR05084
3036,MAR04335
3037,MAR05687
3038,MAR01384
3039,MAR03377
3040,MAR06653
3041,MAR08551
3042,MAR04270
3043,MAR02678
3044,MAR08757
3045,MAR02909
3046,MAR07555
3047,MAR10144
3048,MAR01121
3049,MAR05578
3050,MAR08804
3051,MAR00502
3052,MAR02177
3053,MAR01452
3054,MAR03667
3055,MAR10377
3056,MAR05141
3057,MAR05817
3058,MAR07954
3059,MAR06390
3060,MAR06396
3061,MAR02621
3062,MAR12149
3063,MAR00250
3064,MAR00163
3065,MAR03243
3066,MAR00186
3067,MAR01075
3068,MAR07888
3069,MAR06720
3070,MAR07065
3071,MAR01674
3072,MAR01013
3073,MAR03420
3074,MAR05451
3075,MAR11383
3076,MAR05100
3077,MAR08729
3078,MAR00199
3079,MAR05208
3080,MAR06285
3081,MAR03231
3082,MAR08779
3083,MAR01697
3084,MAR10451
3085,MAR01112
3086,MAR12164
3087,MAR02557
3088,MAR11587
3089,MAR00674
3090,MAR01261
3091,MAR01609
3092,MAR05195
3093,MAR12156
3094,MAR00512
3095,MAR08461
3096,MAR02672
3097,MAR05796
3098,MAR07636
3099,MAR05422
3100,MAR01398
3101,MAR04691
3102,MAR06718
3103,MAR05711
3104,MAR00853
3105,MAR08612
3106,MAR03717
3107,MAR04264
3108,MAR00437
3109,MAR02076
3110,MAR02401
3111,MAR03421
3112,MAR07921
3113,MAR00317
3114,MAR00081
3115,MAR05770
3116,MAR00665
3117,MAR04917
3118,MAR03664
3119,MAR11515
3120,MAR08258
3121,MAR05812
3122,MAR02561
3123,MAR06733
3124,MAR04190
3125,MAR05599
3126,MAR09620
3127,MAR03697
3128,MAR03979
3129,MAR08285
3130,MAR01602
3131,MAR04962
3132,MAR03303
3133,MAR08342
3134,MAR07050
3135,MAR07810
3136,MAR03518
3137,MAR00785
3138,MAR01378
3139,MAR05105
3140,MAR01627
3141,MAR08799
3142,MAR07471
3143,MAR02684
3144,MAR01347
3145,MAR02777
3146,MAR07363
3147,MAR07736
3148,MAR01885
3149,MAR08515
3150,MAR09913
3151,MAR02773
3152,MAR06371
3153,MAR06357
3154,MAR07278
3155,MAR04093
3156,MAR03096
3157,MAR00006
3158,MAR04061
3159,MAR04535
3160,MAR03426
3161,MAR05266
3162,MAR02269
3163,MAR12471
3164,MAR01383
3165,MAR06435
3166,MAR00414
3167,MAR12235
3168,MAR04287
3169,MAR07161
3170,MAR03599
3171,MAR06035
3172,MAR01098
3173,MAR00772
3174,MAR08755
3175,MAR01736
3176,MAR07042
3177,MAR03209
3178,MAR06558
3179,MAR06564
3180,MAR03735
3181,MAR02727
3182,MAR02228
3183,MAR09665
3184,MAR00849
3185,MAR11398
3186,MAR01036
3187,MAR12183
3188,MAR06590
3189,MAR07692
3190,MAR11615
3191,MAR03226
3192,MAR02973
3193,MAR06887
3194,MAR03344
3195,MAR06368
3196,MAR06479
3197,MAR03408
3198,MAR00498
3199,MAR00889
3200,MAR04519
3201,MAR07195
3202,MAR03823
3203,MAR06890
3204,MAR02083
3205,MAR06042
3206,MAR03886
3207,MAR04704
3208,MAR08801
3209,MAR07687
3210,MAR04581
3211,MAR05198
3212,MAR08451
3213,MAR11603
3214,MAR02547
3215,MAR05656
3216,MAR03847
3217,MAR05610
3218,MAR06483
3219,MAR04112
3220,MAR03178
3221,MAR02658
3222,MAR07056
3223,MAR06376
3224,MAR00446
3225,MAR07824
3226,MAR04260
3227,MAR06988
3228,MAR03121
3229,MAR03677
3230,MAR09952
3231,MAR03142
3232,MAR05406
3233,MAR05242
3234,MAR07160
3235,MAR11849
3236,MAR04977
3237,MAR00148
3238,MAR11252
3239,MAR04522
3240,MAR02124
3241,MAR04609
3242,MAR00634
3243,MAR03721
3244,MAR02738
3245,MAR06448
3246,MAR11592
3247,MAR02769
3248,MAR07815
3249,MAR06692
3250,MAR01007
3251,MAR05789
3252,MAR09614
3253,MAR07072
3254,MAR02314
3255,MAR12256
3256,MAR07221
3257,MAR06576
3258,MAR05850
3259,MAR06736
3260,MAR04252
3261,MAR01660
3262,MAR06378
3263,MAR03139
3264,MAR04719
3265,MAR02758
3266,MAR04082
3267,MAR00291
3268,MAR01374
3269,MAR12193
3270,MAR00942
3271,MAR05104
3272,MAR06774
3273,MAR09988
3274,MAR00971
3275,MAR11237
3276,MAR03056
3277,MAR01461
3278,MAR08935
3279,MAR09877
3280,MAR01584
3281,MAR03696
3282,MAR06625
3283,MAR05782
3284,MAR11768
3285,MAR04563
3286,MAR06904
3287,MAR00450
3288,MAR04299
3289,MAR06453
3290,MAR07962
3291,MAR08891
3292,MAR01020
3293,MAR05178
3294,MAR05700
3295,MAR07313
3296,MAR02986
3297,MAR05758
3298,MAR03653
3299,MAR04911
3300,MAR01865
3301,MAR07123
3302,MAR05640
3303,MAR03278
3304,MAR02142
3305,MAR03806
3306,MAR06278
3307,MAR04560
3308,MAR10100
3309,MAR05924
3310,MAR04887
3311,MAR00431
3312,MAR00189
3313,MAR08379
3314,MAR12306
3315,MAR02610
3316,MAR06766
3317,MAR04228
3318,MAR09910
3319,MAR03915
3320,MAR02700
3321,MAR07353
3322,MAR04134
3323,MAR08454
3324,MAR04849
3325,MAR09274
3326,MAR01991
3327,MAR00530
3328,MAR06276
3329,MAR08987
3330,MAR06748
3331,MAR08565
3332,MAR12287
3333,MAR07308
3334,MAR08098
3335,MAR02149
3336,MAR04545
3337,MAR08220
3338,MAR04167
3339,MAR07342
3340,MAR01477
3341,MAR07668
3342,MAR03534
3343,MAR02058
3344,MAR08508
3345,MAR12460
3346,MAR06397
3347,MAR00295
3348,MAR02250
3349,MAR00267
3350,MAR11724
3351,MAR07537
3352,MAR02145
3353,MAR04814
3354,MAR05890
3355,MAR06319
3356,MAR07756
3357,MAR12301
3358,MAR08257
3359,MAR05430
3360,MAR06054
3361,MAR00356
3362,MAR11572
3363,MAR08784
3364,MAR07444
3365,MAR10449
3366,MAR06844
3367,MAR05445
3368,MAR01225
3369,MAR02638
3370,MAR00985
3371,MAR04018
3372,MAR00016
3373,MAR03805
3374,MAR04097
3375,MAR04122
3376,MAR03637
3377,MAR01270
3378,MAR07818
3379,MAR05023
3380,MAR04756
3381,MAR07658
3382,MAR04408
3383,MAR11306
3384,MAR08522
3385,MAR06361
3386,MAR00925
3387,MAR06579
3388,MAR11238
3389,MAR05664
3390,MAR06148
3391,MAR11624
3392,MAR04483
3393,MAR04533
3394,MAR02779
3395,MAR03703
3396,MAR07627
3397,MAR07157
3398,MAR11535
3399,MAR04628
3400,MAR07826
3401,MAR07357
3402,MAR04725
3403,MAR01293
3404,MAR13078
3405,MAR00203
3406,MAR03719
3407,MAR09938
3408,MAR07111
3409,MAR07144
3410,MAR04714
3411,MAR01367
3412,MAR01693
3413,MAR04255
3414,MAR03740
3415,MAR11606
3416,MAR00420
3417,MAR10118
3418,MAR00283
3419,MAR06473
3420,MAR05421
3421,MAR02607
3422,MAR00684
3423,MAR05722
3424,MAR04123
3425,MAR02018
3426,MAR01692
3427,MAR01456
3428,MAR08267
3429,MAR04371
3430,MAR02542
3431,MAR02495
3432,MAR00065
3433,MAR04686
3434,MAR04459
3435,MAR00643
3436,MAR03173
3437,MAR04623
3438,MAR05731
3439,MAR08983
3440,MAR10094
3441,MAR03195
3442,MAR00180
3443,MAR00302
3444,MAR03705
3445,MAR04913
3446,MAR07109
3447,MAR05048
3448,MAR07682
3449,MAR05325
3450,MAR01600
3451,MAR02753
3452,MAR05643
3453,MAR07127
3454,MAR07868
3455,MAR04890
3456,MAR11241
3457,MAR04939
3458,MAR03425
3459,MAR05857
3460,MAR09804
3461,MAR03246
3462,MAR12472
3463,MAR08947
3464,MAR07836
3465,MAR10106
3466,MAR03488
3467,MAR01244
3468,MAR02877
3469,MAR04524
3470,MAR05959
3471,MAR05175
3472,MAR12151
3473,MAR00426
3474,MAR00848
3475,MAR05448
3476,MAR06598
3477,MAR05055
3478,MAR07081
3479,MAR00255
3480,MAR05773
3481,MAR04441
3482,MAR00504
3483,MAR02604
3484,MAR07702
3485,MAR07001
3486,MAR00976
3487,MAR08302
3488,MAR04718
3489,MAR04675
3490,MAR03998
3491,MAR04448
3492,MAR05050
3493,MAR02136
3494,MAR04873
3495,MAR08613
3496,MAR11798
3497,MAR05922
3498,MAR07937
3499,MAR05676
3500,MAR05718
3501,MAR05351
3502,MAR00454
3503,MAR06052
3504,MAR05768
3505,MAR07551
3506,MAR08541
3507,MAR02581
3508,MAR03164
3509,MAR08093
3510,MAR02719
3511,MAR05342
3512,MAR08348
3513,MAR05025
3514,MAR11487
3515,MAR02722
3516,MAR01104
3517,MAR05646
3518,MAR12012
3519,MAR05991
3520,MAR07083
3521,MAR06863
3522,MAR00166
3523,MAR04924
3524,MAR03662
3525,MAR02967
3526,MAR05073
3527,MAR01200
3528,MAR04667
3529,MAR07592
3530,MAR00670
3531,MAR08008
3532,MAR07054
3533,MAR02301
3534,MAR01493
3535,MAR05378
3536,MAR03843
3537,MAR01678
3538,MAR08344
3539,MAR00151
3540,MAR02646
3541,MAR08730
3542,MAR06850
3543,MAR00937
3544,MAR01636
3545,MAR08605
3546,MAR07222
3547,MAR02976
3548,MAR06031
3549,MAR05038
3550,MAR04491
3551,MAR00784
3552,MAR02033
3553,MAR07102
3554,MAR01804
3555,MAR02348
3556,MAR04946
3557,MAR12171
3558,MAR05716
3559,MAR00332
3560,MAR11769
3561,MAR08917
3562,MAR00079
3563,MAR07867
3564,MAR11312
3565,MAR00280
3566,MAR07047
3567,MAR00240
3568,MAR07329
3569,MAR02195
3570,MAR04159
3571,MAR04192
3572,MAR01041
3573,MAR09595
3574,MAR01558
3575,MAR05497
3576,MAR00429
3577,MAR07088
3578,MAR00590
3579,MAR04133
3580,MAR01074
3581,MAR00103
3582,MAR05659
3583,MAR07026
3584,MAR05726
3585,MAR07079
3586,MAR02516
3587,MAR10454
3588,MAR01395
3589,MAR03871
3590,MAR04239
3591,MAR03125
3592,MAR08277
3593,MAR05878
3594,MAR03610
3595,MAR03414
3596,MAR01694
3597,MAR02406
3598,MAR02489
3599,MAR03205
3600,MAR06707
3601,MAR01504
3602,MAR09876
3603,MAR06338
3604,MAR07844
3605,MAR00872
3606,MAR07840
3607,MAR03880
3608,MAR07089
3609,MAR11754
3610,MAR12264
3611,MAR08538
3612,MAR01072
3613,MAR04166
3614,MAR02653
3615,MAR08279
3616,MAR02208
3617,MAR02955
3618,MAR02455
3619,MAR02527
3620,MAR11495
3621,MAR03890
3622,MAR04261
3623,MAR02373
3624,MAR07119
3625,MAR09593
3626,MAR07207
3627,MAR04461
3628,MAR12262
3629,MAR07315
3630,MAR05970
3631,MAR03146
3632,MAR04263
3633,MAR09474
3634,MAR05482
3635,MAR03642
3636,MAR04218
3637,MAR06600
3638,MAR06049
3639,MAR00424
3640,MAR12184
3641,MAR07635
3642,MAR01919
3643,MAR07830
3644,MAR02709
3645,MAR04429
3646,MAR00227
3647,MAR05762
3648,MAR04689
3649,MAR08354
3650,MAR02257
3651,MAR05778
3652,MAR00953
3653,MAR06009
3654,MAR08633
3655,MAR05407
3656,MAR03955
3657,MAR05651
3658,MAR02169
3659,MAR00147
3660,MAR11726
3661,MAR02708
3662,MAR10103
3663,MAR06977
3664,MAR00342
3665,MAR02201
3666,MAR02655
3667,MAR06912
3668,MAR08305
3669,MAR06034
3670,MAR06464
3671,MAR12254
3672,MAR00373
3673,MAR04410
3674,MAR00067
3675,MAR05016
3676,MAR03671
3677,MAR05098
3678,MAR03184
3679,MAR04034
3680,MAR05616
3681,MAR04010
3682,MAR09612
3683,MAR01111
3684,MAR01969
3685,MAR01301
3686,MAR07738
3687,MAR02921
3688,MAR01288
3689,MAR08467
3690,MAR05123
3691,MAR09802
3692,MAR11752
3693,MAR04727
3694,MAR12240
3695,MAR03176
3696,MAR03015
3697,MAR06083
3698,MAR05058
3699,MAR06760
3700,MAR00407
3701,MAR02014
3702,MAR01055
3703,MAR03714
3704,MAR07884
3705,MAR02613
3706,MAR06524
3707,MAR02217
3708,MAR01234
3709,MAR11562
3710,MAR07700
3711,MAR07220
3712,MAR02068
3713,MAR08717
3714,MAR03711
3715,MAR00358
3716,MAR08985
3717,MAR06674
3718,MAR04169
3719,MAR07494
3720,MAR03245
3721,MAR08820
3722,MAR02666
3723,MAR03503
3724,MAR08441
3725,MAR06441
3726,MAR00975
3727,MAR02599
3728,MAR01155
3729,MAR02247
3730,MAR04817
3731,MAR09628
3732,MAR01397
3733,MAR02181
3734,MAR00781
3735,MAR12304
3736,MAR01525
3737,MAR04324
3738,MAR02608
3739,MAR02883
3740,MAR03748
3741,MAR00193
3742,MAR00274
3743,MAR01328
3744,MAR08606
3745,MAR00816
3746,MAR00040
3747,MAR01304
3748,MAR06334
3749,MAR02148
3750,MAR09878
3751,MAR06303
3752,MAR00399
3753,MAR04080
3754,MAR08694
3755,MAR03123
3756,MAR08529
3757,MAR03076
3758,MAR06029
3759,MAR05875
3760,MAR01538
3761,MAR05880
3762,MAR02137
3763,MAR04851
3764,MAR04769
3765,MAR04908
3766,MAR05302
3767,MAR02649
3768,MAR02596
3769,MAR02158
3770,MAR07476
3771,MAR05007
3772,MAR02695
3773,MAR00101
3774,MAR07344
3775,MAR08545
3776,MAR06782
3777,MAR00177
3778,MAR09941
3779,MAR02560
3780,MAR02259
3781,MAR03118
3782,MAR02345
3783,MAR07035
3784,MAR02006
3785,MAR02399
3786,MAR00411
3787,MAR05617
3788,MAR05018
3789,MAR08932
3790,MAR01568
3791,MAR07655
3792,MAR04497
3793,MAR01393
3794,MAR05572
3795,MAR00245
3796,MAR11708
3797,MAR02602
3798,MAR04627
3799,MAR11802
3800,MAR08816
3801,MAR02214
3802,MAR00457
3803,MAR11765
3804,MAR04326
3805,MAR01109
3806,MAR04187
3807,MAR03053
3808,MAR07084
3809,MAR02512
3810,MAR02353
3811,MAR03432
3812,MAR02958
3813,MAR07055
3814,MAR00630
3815,MAR01295
3816,MAR01621
3817,MAR11417
3818,MAR05644
3819,MAR02733
3820,MAR02706
3821,MAR03489
3822,MAR00669
3823,MAR06482
3824,MAR07284
3825,MAR03137
3826,MAR10101
3827,MAR04588
3828,MAR04439
3829,MAR09600
3830,MAR05353
3831,MAR05938
3832,MAR00439
3833,MAR06277
3834,MAR08417
3835,MAR06582
3836,MAR07449
3837,MAR09677
3838,MAR10443
3839,MAR01780
3840,MAR07117
3841,MAR00523
3842,MAR03175
3843,MAR09592
3844,MAR03623
3845,MAR10401
3846,MAR06279
3847,MAR00109
3848,MAR11548
3849,MAR11593
3850,MAR07060
3851,MAR04743
3852,MAR05624
3853,MAR06529
3854,MAR07156
3855,MAR07993
3856,MAR08097
3857,MAR00673
3858,MAR03218
3859,MAR03422
3860,MAR06011
3861,MAR01066
3862,MAR04541
3863,MAR11442
3864,MAR02959
3865,MAR04091
3866,MAR01751
3867,MAR00598
3868,MAR07841
3869,MAR01601
3870,MAR00097
3871,MAR09971
3872,MAR11396
3873,MAR06466
3874,MAR08186
3875,MAR06758
3876,MAR05148
3877,MAR00935
3878,MAR10122
3879,MAR04296
3880,MAR08743
3881,MAR01696
3882,MAR02501
3883,MAR02968
3884,MAR05658
3885,MAR06907
3886,MAR04387
3887,MAR03933
3888,MAR04575
3889,MAR12300
3890,MAR09882
3891,MAR11240
3892,MAR07085
3893,MAR01770
3894,MAR06098
3895,MAR03984
3896,MAR04363
3897,MAR08416
3898,MAR00314
3899,MAR05477
3900,MAR05449
3901,MAR05345
3902,MAR03626
3903,MAR03221
3904,MAR04543
3905,MAR06573
3906,MAR04816
3907,MAR07007
3908,MAR10108
3909,MAR05095
3910,MAR02220
3911,MAR03898
3912,MAR00080
3913,MAR00257
3914,MAR04930
3915,MAR09875
3916,MAR04202
3917,MAR03403
3918,MAR04470
3919,MAR02755
3920,MAR05833
3921,MAR03244
3922,MAR07932
3923,MAR01773
3924,MAR01113
3925,MAR05288
3926,MAR04498
3927,MAR12298
3928,MAR02954
3929,MAR06614
3930,MAR05315
3931,MAR02347
3932,MAR01496
3933,MAR11601
3934,MAR08040
3935,MAR01503
3936,MAR08166
3937,MAR01278
3938,MAR02199
3939,MAR12013
3940,MAR08666
3941,MAR01142
3942,MAR03845
3943,MAR00159
3944,MAR05661
3945,MAR07887
3946,MAR05184
3947,MAR05316
3948,MAR05059
3949,MAR01012
3950,MAR11799
3951,MAR10416
3952,MAR06646
3953,MAR04788
3954,MAR01855
3955,MAR06751
3956,MAR08802
3957,MAR09871
3958,MAR00225
3959,MAR08981
3960,MAR07964
3961,MAR09607
3962,MAR10148
3963,MAR05601
3964,MAR06008
3965,MAR01478
3966,MAR06433
3967,MAR03797
3968,MAR08676
3969,MAR02724
3970,MAR03224
3971,MAR00488
3972,MAR04898
3973,MAR03186
3974,MAR01889
3975,MAR02422
3976,MAR06531
3977,MAR00231
3978,MAR09891
3979,MAR05299
3980,MAR04837
3981,MAR02750
3982,MAR08867
3983,MAR03763
3984,MAR07638
3985,MAR05264
3986,MAR05436
3987,MAR01176
3988,MAR01687
3989,MAR03430
3990,MAR00343
3991,MAR07807
3992,MAR04805
3993,MAR01305
3994,MAR05764
3995,MAR03201
3996,MAR03715
3997,MAR02667
3998,MAR02985
3999,MAR11851
4000,MAR01735
4001,MAR02453
4002,MAR03641
4003,MAR00261
4004,MAR02170
4005,MAR08992
4006,MAR02410
4007,MAR05092
4008,MAR07885
4009,MAR02312
4010,MAR01196
4011,MAR07361
4012,MAR06540
4013,MAR01488
4014,MAR06451
4015,MAR08530
4016,MAR02943
4017,MAR08478
4018,MAR06022
4019,MAR03992
4020,MAR01762
4021,MAR01280
4022,MAR01741
4023,MAR07776
4024,MAR02744
4025,MAR01108
4026,MAR06351
4027,MAR07946
4028,MAR07874
4029,MAR04476
4030,MAR09902
4031,MAR06510
4032,MAR12258
4033,MAR02420
4034,MAR04583
4035,MAR06474
4036,MAR07510
4037,MAR04419
4038,MAR06360
4039,MAR01714
4040,MAR05820
4041,MAR05327
4042,MAR00843
4043,MAR04042
4044,MAR02029
4045,MAR11305
4046,MAR07273
4047,MAR07650
4048,MAR07327
4049,MAR06916
4050,MAR00526
4051,MAR00507
4052,MAR00501
4053,MAR04377
4054,MAR07950
4055,MAR08872
4056,MAR00108
4057,MAR06923
4058,MAR02685
4059,MAR08298
4060,MAR00978
4061,MAR04584
4062,MAR02999
4063,MAR02659
4064,MAR00957
4065,MAR03652
4066,MAR04081
4067,MAR04328
4068,MAR08345
4069,MAR05134
4070,MAR07870
4071,MAR03017
4072,MAR08781
4073,MAR08148
4074,MAR07942
4075,MAR07679
4076,MAR02915
4077,MAR12155
4078,MAR02688
4079,MAR04149
4080,MAR04406
4081,MAR01120
4082,MAR11605
4083,MAR05006
4084,MAR01852
4085,MAR04032
4086,MAR05324
4087,MAR05068
4088,MAR02355
4089,MAR01354
4090,MAR01070
4091,MAR06996
4092,MAR11368
4093,MAR08462
4094,MAR00601
4095,MAR00384
4096,MAR06762
4097,MAR00968
4098,MAR00172
4099,MAR06465
4100,MAR11758
4101,MAR06488
4102,MAR02945
4103,MAR05905
4104,MAR07337
4105,MAR08943
4106,MAR02253
4107,MAR07796
4108,MAR11780
4109,MAR02634
4110,MAR08710
4111,MAR01035
4112,MAR05691
4113,MAR00741
4114,MAR12150
4115,MAR07536
4116,MAR00973
4117,MAR00344
4118,MAR02600
4119,MAR05877
4120,MAR06485
4121,MAR04620
4122,MAR05912
4123,MAR02981
4124,MAR10010
4125,MAR11774
4126,MAR04687
4127,MAR04118
4128,MAR03376
4129,MAR08482
4130,MAR04070
4131,MAR04516
4132,MAR00436
4133,MAR05194
4134,MAR07473
4135,MAR03521
4136,MAR05122
4137,MAR04455
4138,MAR02563
4139,MAR00592
4140,MAR00743
4141,MAR00105
4142,MAR07838
4143,MAR05138
4144,MAR04730
4145,MAR03684
4146,MAR00284
4147,MAR01486
4148,MAR07090
4149,MAR00740
4150,MAR04114
4151,MAR02949
4152,MAR03700
4153,MAR05322
4154,MAR00288
4155,MAR11770
4156,MAR08063
4157,MAR02317
4158,MAR04978
4159,MAR04477
4160,MAR00941
4161,MAR01613
4162,MAR04784
4163,MAR05404
4164,MAR00425
4165,MAR03135
4166,MAR01578
4167,MAR00128
4168,MAR02159
4169,MAR02626
4170,MAR07669
4171,MAR09597
4172,MAR02192
4173,MAR06406
4174,MAR06772
4175,MAR01535
4176,MAR04315
4177,MAR07554
4178,MAR02060
4179,MAR07685
4180,MAR05642
4181,MAR05130
4182,MAR00500
4183,MAR07041
4184,MAR00869
4185,MAR05446
4186,MAR03689
4187,MAR01928
4188,MAR08275
4189,MAR01472
4190,MAR07429
4191,MAR03835
4192,MAR08452
4193,MAR04968
4194,MAR00993
4195,MAR09621
4196,MAR09014
4197,MAR05311
4198,MAR04006
4199,MAR03749
4200,MAR02382
4201,MAR06337
4202,MAR08049
4203,MAR05180
4204,MAR12285
4205,MAR02202
4206,MAR03409
4207,MAR05346
4208,MAR03499
4209,MAR01839
4210,MAR06129
4211,MAR08635
4212,MAR09898
4213,MAR02775
4214,MAR02711
4215,MAR04652
4216,MAR07260
4217,MAR05057
4218,MAR00273
4219,MAR11525
4220,MAR07203
4221,MAR04145
4222,MAR01028
4223,MAR07164
4224,MAR03645
4225,MAR03738
4226,MAR04683
4227,MAR01539
4228,MAR03648
4229,MAR08442
4230,MAR07213
4231,MAR06592
4232,MAR05916
4233,MAR01434
4234,MAR02160
4235,MAR01512
4236,MAR00775
4237,MAR06750
4238,MAR05683
4239,MAR06027
4240,MAR01622
4241,MAR05077
4242,MAR01189
4243,MAR08807
4244,MAR02660
4245,MAR06489
4246,MAR05310
4247,MAR00374
4248,MAR06534
4249,MAR07777
4250,MAR11464
4251,MAR05680
4252,MAR09594
4253,MAR06784
4254,MAR08336
4255,MAR06997
4256,MAR04954
4257,MAR04938
4258,MAR05594
4259,MAR00934
4260,MAR10407
4261,MAR06074
4262,MAR08080
4263,MAR00678
4264,MAR00082
4265,MAR02249
4266,MAR07477
4267,MAR01808
4268,MAR01742
4269,MAR05359
4270,MAR06551
4271,MAR01533
4272,MAR00537
4273,MAR07847
4274,MAR00950
4275,MAR08972
4276,MAR12029
4277,MAR11540
4278,MAR08274
4279,MAR08617
4280,MAR04926
4281,MAR05262
4282,MAR01971
4283,MAR07970
4284,MAR06630
4285,MAR05363
4286,MAR08892
4287,MAR07804
4288,MAR00162
4289,MAR01300
4290,MAR04344
4291,MAR07202
4292,MAR05509
4293,MAR08877
4294,MAR00116
4295,MAR04139
4296,MAR06543
4297,MAR02702
4298,MAR03407
4299,MAR01917
4300,MAR11744
4301,MAR02956
4302,MAR04572
4303,MAR07350
4304,MAR02762
4305,MAR01689
4306,MAR02310
4307,MAR08621
4308,MAR02987
4309,MAR04949
4310,MAR03250
4311,MAR03482
4312,MAR03690
4313,MAR11773
4314,MAR08561
4315,MAR06047
4316,MAR06018
4317,MAR02196
4318,MAR11594
4319,MAR00799
4320,MAR12278
4321,MAR09968
4322,MAR07341
4323,MAR08457
4324,MAR02629
4325,MAR10170
4326,MAR02343
4327,MAR01737
4328,MAR00946
4329,MAR00778
4330,MAR01945
4331,MAR05819
4332,MAR07048
4333,MAR04625
4334,MAR00994
4335,MAR01220
4336,MAR04759
4337,MAR07367
4338,MAR03003
4339,MAR05730
4340,MAR01049
4341,MAR01536
4342,MAR03995
4343,MAR03371
4344,MAR05761
4345,MAR03657
4346,MAR04111
4347,MAR07000
4348,MAR00242
4349,MAR01181
4350,MAR08783
4351,MAR07778
4352,MAR05070
4353,MAR03259
4354,MAR05292
4355,MAR07839
4356,MAR02041
4357,MAR04726
4358,MAR05849
4359,MAR00052
4360,MAR06893
4361,MAR00213
4362,MAR07740
4363,MAR01386
4364,MAR05958
4365,MAR02690
4366,MAR04562
4367,MAR00452
4368,MAR07452
4369,MAR03679
4370,MAR04970
4371,MAR04354
4372,MAR00654
4373,MAR05120
4374,MAR03722
4375,MAR01542
4376,MAR02293
4377,MAR02961
4378,MAR03477
4379,MAR00195
4380,MAR05438
4381,MAR01598
4382,MAR02032
4383,MAR05338
4384,MAR02664
4385,MAR04919
4386,MAR01198
4387,MAR05641
4388,MAR02551
4389,MAR07629
4390,MAR05725
4391,MAR12291
4392,MAR02603
4393,MAR03958
4394,MAR00301
4395,MAR00977
4396,MAR05357
4397,MAR06021
4398,MAR05360
4399,MAR00964
4400,MAR06133
4401,MAR03647
4402,MAR04014
4403,MAR00505
4404,MAR08879
4405,MAR12234
4406,MAR01874
4407,MAR04752
4408,MAR02267
4409,MAR04457
4410,MAR12125
4411,MAR03000
4412,MAR08135
4413,MAR06372
4414,MAR01590
4415,MAR03084
4416,MAR00470
4417,MAR11628
4418,MAR08052
4419,MAR03673
4420,MAR05142
4421,MAR05606
4422,MAR11559
4423,MAR11247
4424,MAR12241
4425,MAR01516
4426,MAR04046
4427,MAR08761
4428,MAR01162
4429,MAR03234
4430,MAR01204
4431,MAR04983
4432,MAR05961
4433,MAR02292
4434,MAR08358
4435,MAR06652
4436,MAR03529
4437,MAR12180
4438,MAR05386
4439,MAR01102
4440,MAR10155
4441,MAR06348
4442,MAR00161
4443,MAR05484
4444,MAR06634
4445,MAR05065
4446,MAR03877
4447,MAR06412
4448,MAR01997
4449,MAR05348
4450,MAR03620
4451,MAR01810
4452,MAR03615
4453,MAR02952
4454,MAR02572
4455,MAR05823
4456,MAR03272
4457,MAR02565
4458,MAR07905
4459,MAR11492
4460,MAR05837
4461,MAR06089
4462,MAR01390
4463,MAR07372
4464,MAR05147
4465,MAR01252
4466,MAR11482
4467,MAR00312
4468,MAR02458
4469,MAR01898
4470,MAR02440
4471,MAR06379
4472,MAR07209
4473,MAR05668
4474,MAR08810
4475,MAR03242
4476,MAR00448
4477,MAR02482
4478,MAR04073
4479,MAR06349
4480,MAR01721
4481,MAR03256
4482,MAR01029
4483,MAR08586
4484,MAR04734
4485,MAR02588
4486,MAR00383
4487,MAR08559
4488,MAR03130
4489,MAR02370
4490,MAR07194
4491,MAR03401
4492,MAR04106
4493,MAR04879
4494,MAR03687
4495,MAR08075
4496,MAR11706
4497,MAR11838
4498,MAR00244
4499,MAR02681
4500,MAR07837
4501,MAR04456
4502,MAR05903
4503,MAR08502
4504,MAR11794
4505,MAR05305
4506,MAR04972
4507,MAR00350
4508,MAR03910
4509,MAR01197
4510,MAR07498
4511,MAR05744
4512,MAR03784
4513,MAR02211
4514,MAR11859
4515,MAR11854
4516,MAR02656
4517,MAR00999
4518,MAR10173
4519,MAR02218
4520,MAR03919
4521,MAR03857
4522,MAR01789
4523,MAR00906
4524,MAR04928
4525,MAR04141
4526,MAR04342
4527,MAR03644
4528,MAR05824
4529,MAR07003
4530,MAR05928
4531,MAR02703
4532,MAR00325
4533,MAR07366
4534,MAR02049
4535,MAR03727
4536,MAR05860
4537,MAR11415
4538,MAR03816
4539,MAR06333
4540,MAR08357
4541,MAR07211
4542,MAR05902
4543,MAR01755
4544,MAR04000
4545,MAR06037
4546,MAR00521
4547,MAR01097
4548,MAR01675
4549,MAR01557
4550,MAR01184
4551,MAR07490
4552,MAR08748
4553,MAR02918
4554,MAR02731
4555,MAR03233
4556,MAR12001
4557,MAR05442
4558,MAR08566
4559,MAR06568
4560,MAR05021
4561,MAR01193
4562,MAR02545
4563,MAR07806
4564,MAR03832
4565,MAR08091
4566,MAR07080
4567,MAR00304
4568,MAR04644
4569,MAR06199
4570,MAR05189
4571,MAR03102
4572,MAR05988
4573,MAR05319
4574,MAR08316
4575,MAR07689
4576,MAR05258
4577,MAR06471
4578,MAR08884
4579,MAR02315
4580,MAR08813
4581,MAR02713
4582,MAR07743
4583,MAR05061
4584,MAR01250
4585,MAR05627
4586,MAR05139
4587,MAR03229
4588,MAR01087
4589,MAR03631
4590,MAR05840
4591,MAR02287
4592,MAR10380
4593,MAR08059
4594,MAR11757
4595,MAR03188
4596,MAR00683
4597,MAR04478
4598,MAR05428
4599,MAR08811
4600,MAR05376
4601,MAR08778
4602,MAR07971
4603,MAR12152
4604,MAR11778
4605,MAR08105
4606,MAR04297
4607,MAR05281
4608,MAR00160
4609,MAR00320
4610,MAR02965
4611,MAR04624
4612,MAR07027
4613,MAR06454
4614,MAR02118
4615,MAR02991
4616,MAR03210
4617,MAR04706
4618,MAR12186
4619,MAR01018
4620,MAR04531
4621,MAR02774
4622,MAR01154
4623,MAR08546
4624,MAR11805
4625,MAR01177
4626,MAR02175
4627,MAR05882
4628,MAR01612
4629,MAR02745
4630,MAR01663
4631,MAR02757
4632,MAR02164
4633,MAR07328
4634,MAR01238
4635,MAR02567
4636,MAR05775
4637,MAR11786
4638,MAR02364
4639,MAR00757
4640,MAR08978
4641,MAR02692
4642,MAR05450
4643,MAR11579
4644,MAR12166
4645,MAR02598
4646,MAR00377
4647,MAR05131
4648,MAR06767
4649,MAR07264
4650,MAR01179
4651,MAR00324
4652,MAR01067
4653,MAR00158
4654,MAR03181
4655,MAR07763
4656,MAR07082
4657,MAR04685
4658,MAR05429
4659,MAR05064
4660,MAR01307
4661,MAR03802
4662,MAR06749
4663,MAR02486
4664,MAR05749
4665,MAR03196
4666,MAR06911
4667,MAR05874
4668,MAR06768
4669,MAR02248
4670,MAR03952
4671,MAR05588
4672,MAR01750
4673,MAR06669
4674,MAR04641
4675,MAR11968
4676,MAR06322
4677,MAR01071
4678,MAR05848
4679,MAR04282
4680,MAR01099
4681,MAR04637
4682,MAR07104
4683,MAR07509
4684,MAR00355
4685,MAR02010
4686,MAR00322
4687,MAR03640
4688,MAR03707
4689,MAR04503
4690,MAR06388
4691,MAR01338
4692,MAR09719
4693,MAR02204
4694,MAR01843
4695,MAR04795
4696,MAR02971
4697,MAR03951
4698,MAR00679
4699,MAR02912
4700,MAR01803
4701,MAR01201
4702,MAR00334
4703,MAR00563
4704,MAR06557
4705,MAR00143
4706,MAR06583
4707,MAR05030
4708,MAR00746
4709,MAR03658
4710,MAR05423
4711,MAR03128
4712,MAR03931
4713,MAR08596
4714,MAR08444
4715,MAR02518
4716,MAR08249
4717,MAR01500
4718,MAR11970
4719,MAR07886
4720,MAR07324
4721,MAR04643
4722,MAR00531
4723,MAR03974
4724,MAR01781
4725,MAR00335
4726,MAR01212
4727,MAR07068
4728,MAR00264
4729,MAR04414
4730,MAR01310
4731,MAR03088
4732,MAR07013
4733,MAR12280
4734,MAR12296
4735,MAR06381
4736,MAR08995
4737,MAR04880
4738,MAR03822
4739,MAR00503
4740,MAR03213
4741,MAR11785
4742,MAR04613
4743,MAR01510
4744,MAR05039
4745,MAR02016
4746,MAR00349
4747,MAR01170
4748,MAR03692
4749,MAR07648
4750,MAR06426
4751,MAR11714
4752,MAR06976
4753,MAR04746
4754,MAR01570
4755,MAR01544
4756,MAR00497
4757,MAR01135
4758,MAR01218
4759,MAR02358
4760,MAR07860
4761,MAR00515
4762,MAR01114
4763,MAR12153
4764,MAR08554
4765,MAR06384
4766,MAR07779
4767,MAR05323
4768,MAR01203
4769,MAR11256
4770,MAR01192
4771,MAR02644
4772,MAR08250
4773,MAR01518
4774,MAR07478
4775,MAR03237
4776,MAR08805
4777,MAR00305
4778,MAR04400
4779,MAR12010
4780,MAR03639
4781,MAR08792
4782,MAR01830
4783,MAR02652
4784,MAR07046
4785,MAR02717
4786,MAR01977
4787,MAR05443
4788,MAR03265
4789,MAR05895
4790,MAR08455
4791,MAR02549
4792,MAR01239
4793,MAR03533
4794,MAR03405
4795,MAR11609
4796,MAR03912
4797,MAR02944
4798,MAR05473
4799,MAR04668
4800,MAR05350
4801,MAR03374
4802,MAR08293
4803,MAR11718
4804,MAR08632
4805,MAR05842
4806,MAR02960
4807,MAR00207
4808,MAR01990
4809,MAR01058
4810,MAR05341
4811,MAR06813
4812,MAR02456
4813,MAR05757
4814,MAR01125
4815,MAR08697
4816,MAR04558
4817,MAR01833
4818,MAR08678
4819,MAR04316
4820,MAR11618
4821,MAR10117
4822,MAR08938
4823,MAR11809
4824,MAR01967
4825,MAR07683
4826,MAR00874
4827,MAR03431
4828,MAR03177
4829,MAR04940
4830,MAR04606
4831,MAR08699
4832,MAR12004
4833,MAR07128
4834,MAR00357
4835,MAR01531
4836,MAR04748
4837,MAR05365
4838,MAR11610
4839,MAR01217
4840,MAR03068
4841,MAR08984
4842,MAR01080
4843,MAR02524
4844,MAR08306
4845,MAR06532
4846,MAR12092
4847,MAR05783
4848,MAR03386
4849,MAR11745
4850,MAR02200
4851,MAR04458
4852,MAR12293
4853,MAR09596
4854,MAR05834
4855,MAR03202
4856,MAR00338
4857,MAR08006
4858,MAR02505
4859,MAR00958
4860,MAR07310
4861,MAR04312
4862,MAR01213
4863,MAR05520
4864,MAR07831
4865,MAR02306
4866,MAR04220
4867,MAR02992
4868,MAR03397
4869,MAR04585
4870,MAR08037
4871,MAR01569
4872,MAR02585
4873,MAR04379
4874,MAR01599
4875,MAR00742
4876,MAR10165
4877,MAR04304
4878,MAR01494
4879,MAR08587
4880,MAR06038
4881,MAR02349
4882,MAR00423
4883,MAR00739
4884,MAR01574
4885,MAR01077
4886,MAR10063
4887,MAR11749
4888,MAR11573
4889,MAR01000
4890,MAR08215
4891,MAR00430
4892,MAR04633
4893,MAR01490
4894,MAR01862
4895,MAR01497
4896,MAR03831
4897,MAR07603
4898,MAR01832
4899,MAR00196
4900,MAR01182
4901,MAR09727
4902,MAR03247
4903,MAR10092
4904,MAR00406
4905,MAR06048
4906,MAR00353
4907,MAR11506
4908,MAR08996
4909,MAR08930
4910,MAR01996
4911,MAR07474
4912,MAR05479
4913,MAR02636
4914,MAR01470
4915,MAR05026
4916,MAR05295
4917,MAR02575
4918,MAR04180
4919,MAR12003
4920,MAR01230
4921,MAR02669
4922,MAR07940
4923,MAR04437
4924,MAR01620
4925,MAR06657
4926,MAR09591
4927,MAR07438
4928,MAR00178
4929,MAR09718
4930,MAR08598
4931,MAR05779
4932,MAR01785
4933,MAR02334
4934,MAR03799
4935,MAR05119
4936,MAR03519
4937,MAR05583
4938,MAR00319
4939,MAR03492
4940,MAR00676
4941,MAR06028
4942,MAR01129
4943,MAR12236
4944,MAR01396
4945,MAR06811
4946,MAR05127
4947,MAR00940
4948,MAR02131
4949,MAR03304
4950,MAR05814
4951,MAR02244
4952,MAR04906
4953,MAR05845
4954,MAR04465
4955,MAR08695
4956,MAR04740
4957,MAR02716
4958,MAR00370
4959,MAR08137
4960,MAR06040
4961,MAR06998
4962,MAR04888
4963,MAR01870
4964,MAR05609
4965,MAR01872
4966,MAR03621
4967,MAR02618
4968,MAR04136
4969,MAR07786
4970,MAR03966
4971,MAR06519
4972,MAR02213
4973,MAR03688
4974,MAR10109
4975,MAR05176
4976,MAR11696
4977,MAR00920
4978,MAR06895
4979,MAR10111
4980,MAR11259
4981,MAR09907
4982,MAR10357
4983,MAR00078
4984,MAR06117
4985,MAR07939
4986,MAR04640
4987,MAR01199
4988,MAR02185
4989,MAR04095
4990,MAR05701
4991,MAR00926
4992,MAR02729
4993,MAR01948
4994,MAR02988
4995,MAR09605
4996,MAR01685
4997,MAR06940
4998,MAR06615
4999,MAR06298
5000,MAR00200
5001,MAR11443
5002,MAR05088
5003,MAR05032
5004,MAR01266
5005,MAR08831
5006,MAR08076
5007,MAR01987
5008,MAR01596
5009,MAR04306
5010,MAR01003
5011,MAR05707
5012,MAR00152
5013,MAR11710
5014,MAR00337
5015,MAR10386
5016,MAR01229
5017,MAR08096
5018,MAR02043
5019,MAR07022
5020,MAR04764
5021,MAR00462
5022,MAR06688
5023,MAR02998
5024,MAR07070
5025,MAR05347
5026,MAR03354
5027,MAR01863
5028,MAR05191
5029,MAR01543
5030,MAR01140
5031,MAR05334
5032,MAR05712
5033,MAR04480
5034,MAR05893
5035,MAR06642
5036,MAR06025
5037,MAR04060
5038,MAR00296
5039,MAR00910
5040,MAR02163
5041,MAR01867
5042,MAR02174
5043,MAR07348
5044,MAR00386
5045,MAR08048
5046,MAR04267
5047,MAR08050
5048,MAR07036
5049,MAR00297
5050,MAR02405
5051,MAR06509
5052,MAR05867
5053,MAR01763
5054,MAR05647
5055,MAR01699
5056,MAR09904
5057,MAR02212
5058,MAR03607
5059,MAR10121
5060,MAR04737
5061,MAR04417
5062,MAR04565
5063,MAR00403
5064,MAR00167
5065,MAR04544
5066,MAR00232
5067,MAR08815
5068,MAR00398
5069,MAR07451
5070,MAR11248
5071,MAR02129
5072,MAR08920
5073,MAR00111
5074,MAR02307
5075,MAR01048
5076,MAR07615
5077,MAR07002
5078,MAR08103
5079,MAR01445
5080,MAR00455
5081,MAR05662
5082,MAR02178
5083,MAR04539
5084,MAR08453
5085,MAR02338
5086,MAR05435
5087,MAR00236
5088,MAR07446
5089,MAR08780
5090,MAR07773
5091,MAR05146
5092,MAR04084
5093,MAR04336
5094,MAR01974
5095,MAR03057
5096,MAR04269
5097,MAR08611
5098,MAR00604
5099,MAR07734
5100,MAR05740
5101,MAR07346
5102,MAR06743
5103,MAR02459
5104,MAR05637
5105,MAR00667
5106,MAR02207
5107,MAR02571
5108,MAR01489
5109,MAR06541
5110,MAR03999
5111,MAR12023
5112,MAR07340
5113,MAR05696
5114,MAR04381
5115,MAR11829
5116,MAR05894
5117,MAR00235
5118,MAR07009
5119,MAR05657
5120,MAR12144
5121,MAR06345
5122,MAR08512
5123,MAR05135
5124,MAR00588
5125,MAR00372
5126,MAR01913
5127,MAR06604
5128,MAR05873
5129,MAR04494
5130,MAR01740
5131,MAR08102
5132,MAR04736
5133,MAR06452
5134,MAR05145
5135,MAR06560
5136,MAR08410
5137,MAR04703
5138,MAR03215
5139,MAR02550
5140,MAR11249
5141,MAR06077
5142,MAR04547
5143,MAR08850
5144,MAR00076
5145,MAR02601
5146,MAR06866
5147,MAR05677
5148,MAR00672
5149,MAR00538
5150,MAR04386
5151,MAR12157
5152,MAR11477
5153,MAR03873
5154,MAR06006
5155,MAR03514
5156,MAR07049
5157,MAR01604
5158,MAR00218
5159,MAR11416
5160,MAR04472
5161,MAR11225
5162,MAR06833
5163,MAR06852
5164,MAR01073
5165,MAR05755
5166,MAR02891
5167,MAR02362
5168,MAR05709
5169,MAR05500
5170,MAR07871
5171,MAR00578
5172,MAR06447
5173,MAR04175
5174,MAR02761
5175,MAR05993
5176,MAR04566
5177,MAR02367
5178,MAR07450
5179,MAR04204
5180,MAR06809
5181,MAR03238
5182,MAR06026
5183,MAR08489
5184,MAR10404
5185,MAR03636
5186,MAR06456
5187,MAR00150
5188,MAR09900
5189,MAR05816
5190,MAR04002
5191,MAR01771
5192,MAR02045
5193,MAR12269
5194,MAR01245
5195,MAR08661
5196,MAR06004
5197,MAR08829
5198,MAR03258
5199,MAR01276
5200,MAR01715
5201,MAR06542
5202,MAR05625
5203,MAR03358
5204,MAR06032
5205,MAR05781
5206,MAR05314
5207,MAR02624
5208,MAR00375
5209,MAR07038
5210,MAR04803
5211,MAR09894
5212,MAR07010
5213,MAR03761
5214,MAR01608
5215,MAR02329
5216,MAR02881
5217,MAR11318
5218,MAR04490
5219,MAR07358
5220,MAR11388
5221,MAR06443
5222,MAR02311
5223,MAR10080
5224,MAR09869
5225,MAR00710
5226,MAR01927
5227,MAR07832
5228,MAR05692
5229,MAR01376
5230,MAR05746
5231,MAR04678
5232,MAR05622
5233,MAR03874
5234,MAR06344
5235,MAR03525
5236,MAR12284
5237,MAR04108
5238,MAR01708
5239,MAR01254
5240,MAR05913
5241,MAR04099
5242,MAR03790
5243,MAR05358
5244,MAR07591
5245,MAR04661
5246,MAR00247
5247,MAR07967
5248,MAR01944
5249,MAR03352
5250,MAR03694
5251,MAR04957
5252,MAR00281
5253,MAR00187
5254,MAR03870
5255,MAR04811
5256,MAR06039
5257,MAR02736
