,predicted_scores,similarity_scores
MAR04900,0.999993062,0.5773890110295614
MAR01462,0.9999924979999999,0.7071067811865475
MAR11318,0.99998922,0.8944271909999159
MAR08721,0.9999887959999999,0.7071067811865475
MAR07793,0.9999849580000001,0.7071067811865475
MAR04890,0.9999833160000001,0.5345301692114846
MAR07779,0.99998052,0.39223530691722774
MAR07777,0.99998048,0.39223530691722774
MAR03980,0.9999734180000001,0.7559229077882414
MAR09902,0.9999711099999999,0.6859943405700353
MAR02593,0.999969576,0.6123724356957946
MAR04095,0.999962328,0.7303114437990645
MAR05449,0.999960956,0.9359709753334591
MAR03406,0.99995577,0.998244632812406
MAR03407,0.99995577,0.998244632812406
MAR12125,0.999955574,0.7071146886682605
MAR08771,0.999951452,0.8571387491013275
MAR04123,0.9999497639999999,0.7071067811865475
MAR04263,0.99994823,0.7499748364368602
MAR01785,0.9999460259999999,0.8571387491014093
MAR01781,0.9999460259999999,0.8571387491013723
MAR04526,0.999945144,0.6741875253670152
MAR00941,0.999944596,0.8571387491014137
MAR03952,0.9999434920000001,0.35355339059327373
MAR04012,0.9999404820000001,0.6324399717684012
MAR04934,0.99993462,0.6859943405700353
MAR07772,0.999928902,0.35355339059327373
MAR04534,0.99992573,0.7715278427105718
MAR00078,0.99992308,0.5
MAR04073,0.9999228600000001,0.6859943405700353
MAR04533,0.9999212080000002,0.7171474766288117
MAR00080,0.999920732,0.7885945171756489
MAR05317,0.9999192499999999,0.8164965809277261
MAR04175,0.999918836,0.6974858324629157
MAR06729,0.999917742,0.7499748364368645
MAR06324,0.9999170660000001,1.0
MAR04883,0.99991705,0.5345301692114846
MAR04282,0.9999166480000001,0.8333333333333335
MAR07776,0.999915708,0.35355339059327373
MAR08629,0.9999153100000001,0.8660254037844387
MAR03889,0.999912828,0.9036409743299856
MAR06895,0.9999119779999999,0.7746018665339277
MAR03832,0.9999085859999999,0.5999838962920867
MAR11430,0.9998987420000001,0.6859943405700353
MAR08218,0.9998980020000001,0.6201544668025137
MAR00228,0.9998980020000001,0.6201544668025137
MAR04058,0.9998973419999999,0.5999838962922017
MAR05325,0.9998963059999999,0.9152553237716281
MAR07958,0.9998946259999999,0.85713874910135
MAR04267,0.999894284,0.47431141196858495
MAR05179,0.9998933539999999,0.9098431565585487
MAR00149,0.999891914,0.8999999999999998
MAR05332,0.999890576,0.8404927021665745
MAR02047,0.999890508,0.8571387491013998
MAR11368,0.999890508,0.8571387491014028
MAR05429,0.99989007,0.8381607972892895
MAR05295,0.99989007,0.7391112498491046
MAR07928,0.999889344,0.7720765548803302
MAR01786,0.9998859719999998,0.8571387491013794
MAR04093,0.9998859099999999,0.5999838962921963
MAR04690,0.9998857000000001,0.6859943405700353
MAR01589,0.9998855860000001,0.7333921360866272
MAR03908,0.99988524,0.6936786579278458
MAR01640,0.9998849399999999,0.7071067811865475
MAR11573,0.9998846739999999,0.7391112498491011
MAR05390,0.9998845720000002,0.6172015675704933
MAR11398,0.99988348,0.5999838962921252
MAR08930,0.999882798,0.7746018665339259
MAR01636,0.999882798,0.7391112498491043
MAR00094,0.999882336,0.7391112498491059
MAR07667,0.999882336,0.7505603859295032
MAR04169,0.9998822439999999,0.5164774748339905
MAR00181,0.99988034,0.7999999999999998
MAR04531,0.9998803159999999,0.7171474766288327
MAR08515,0.999880168,0.6859943405700353
MAR00145,0.9998801399999999,0.7999999999999998
MAR05365,0.99987958,0.892369614796338
MAR00186,0.999879048,0.7999999999999998
MAR03238,0.999878754,0.7999999999999998
MAR04283,0.999878588,0.8249559345267472
MAR06894,0.999878028,0.750560385929485
MAR06770,0.99987773,0.6172015675704989
MAR01138,0.9998777240000001,0.7333921360866836
MAR05345,0.9998773140000001,0.9091921880343058
MAR08751,0.99987684,0.5773696391347676
MAR06406,0.9998763539999999,0.8165020593549901
MAR01483,0.9998763539999999,0.7391112498491053
MAR07771,0.999876012,0.35355339059327373
MAR05343,0.9998755600000001,0.9080855077249617
MAR00152,0.999874958,0.7999999999999998
MAR06377,0.99987481,0.8660254037844387
MAR05359,0.9998747920000002,0.8924461759630943
MAR05356,0.9998741320000001,0.897381812634432
MAR06864,0.999874048,0.7746018665339289
MAR07932,0.9998736779999999,0.857138749101353
MAR05044,0.99987297,0.892369614796338
MAR05185,0.9998727800000001,0.909907157067554
MAR05110,0.999870552,0.892369614796338
MAR00874,0.9998700079999999,0.892369614796338
MAR05358,0.9998700079999999,0.892369614796338
MAR07064,0.999869408,0.857138749101383
MAR01777,0.999869406,0.7333921360866286
MAR02495,0.9998689839999999,0.8391463916782738
MAR04285,0.9998667659999999,0.7777728075865675
MAR05341,0.9998665840000001,0.7333921360866915
MAR05425,0.9998644000000001,0.8662125424304894
MAR05111,0.999864104,0.892369614796338
MAR04260,0.9998634419999999,0.6804214264175673
MAR05335,0.9998618880000001,0.9428090415820635
MAR01569,0.99986108,0.7333921360866897
MAR05072,0.9998603000000001,0.8547043234472845
MAR06321,0.999858506,0.7071067811865475
MAR01510,0.9998583200000001,0.7999999999999998
MAR00116,0.9998582519999999,0.8606693822414777
MAR02300,0.9998582519999999,0.7893583284981622
MAR00150,0.9998581640000002,0.8999999999999998
MAR01568,0.999857668,0.8198872574065955
MAR05191,0.99985587,0.892369614796338
MAR05376,0.99985587,0.892369614796338
MAR05373,0.99985587,0.892369614796338
MAR05177,0.99985587,0.892369614796338
MAR05123,0.99985587,0.892369614796338
MAR05194,0.99985587,0.892369614796338
MAR06320,0.99985587,0.892369614796338
MAR03055,0.999854854,0.9641834608661685
MAR05928,0.9998525399999998,0.7071067811865475
MAR01840,0.9998517760000001,0.733392136086686
MAR03842,0.9998517760000001,0.7333921360866823
MAR07970,0.9998517760000001,0.8013894776832001
MAR01831,0.9998517760000001,0.733392136086686
MAR08059,0.9998517760000001,0.7333921360866871
MAR01140,0.9998517760000001,0.7333921360866261
MAR06348,0.9998517760000001,0.7333921360866915
MAR06465,0.9998517760000001,0.7333921360866245
MAR06427,0.9998517760000001,0.7333921360866251
MAR01508,0.9998517760000001,0.7999999999999998
MAR01239,0.9998517760000001,0.733392136086708
MAR06479,0.9998517760000001,0.8416303942009601
MAR06429,0.9998517760000001,0.8416303942009601
MAR06467,0.9998517760000001,0.8416303942009601
MAR06477,0.9998517760000001,0.7333921360866857
MAR01574,0.9998517760000001,0.7333921360866968
MAR06444,0.9998517760000001,0.8416303942009601
MAR06442,0.9998517760000001,0.7333921360866245
MAR01237,0.9998517760000001,0.7333921360867056
MAR01235,0.9998517760000001,0.7333921360867067
MAR01948,0.999851112,0.8451664063917541
MAR11225,0.9998499860000001,0.7715278427105723
MAR04500,0.999849154,0.44722259765573535
MAR05403,0.999848156,0.8547043234472845
MAR05378,0.999848156,0.8547043234472845
MAR05369,0.999848156,0.8547043234472845
MAR00047,0.999848156,0.8547043234472845
MAR05360,0.999848156,0.8547043234472845
MAR05083,0.999848156,0.8547043234472845
MAR05242,0.999848156,0.8547043234472845
MAR05208,0.999848156,0.8547043234472845
MAR04984,0.999848156,0.8547043234472845
MAR06648,0.9998469699999999,0.857138749101367
MAR13003,0.9998455840000002,0.6123724356957946
MAR07775,0.9998455740000001,0.35355339059327373
MAR03982,0.9998442919999999,0.6324626047002905
MAR08038,0.9998434380000001,0.7715278427105682
MAR08938,0.9998433259999999,0.9486832980505138
MAR07061,0.999843186,0.8571387491013636
MAR02007,0.9998431780000001,0.85713874910136
MAR01993,0.9998431780000001,0.85713874910136
MAR03054,0.999841352,0.9977257168525592
MAR05314,0.9998400439999999,0.8660254037844387
MAR01990,0.99983945,0.7715278427105801
MAR03996,0.9998387320000001,0.5534097301289003
MAR01838,0.999838682,0.8198991775111552
MAR01839,0.999838682,0.7715278427105705
MAR09937,0.9998384379999999,0.7715278427105721
MAR02046,0.999837172,0.8571387491013587
MAR01940,0.999836172,0.8571387491013631
MAR08036,0.9998357999999999,0.77152784271057
MAR01596,0.999835446,0.8380760598935596
MAR05316,0.999835176,0.8660254037844387
MAR08499,0.999834728,0.8391463916782738
MAR01830,0.999834648,0.7715278427105647
MAR08037,0.9998340239999999,0.7715278427105688
MAR01989,0.9998339319999999,0.77152784271057
MAR01988,0.9998339319999999,0.7715278427105691
MAR06057,0.9998336480000001,0.9805806756909202
MAR02960,0.9998327119999999,0.8571387491013639
MAR08757,0.9998319739999999,0.8485281374238569
MAR12158,0.999831148,0.8391463916782738
MAR08566,0.9998296919999999,0.7715278427105623
MAR06874,0.9998293540000001,0.5103103630798288
MAR02118,0.999828894,0.8571387491013635
MAR07012,0.999828862,0.7715278427105765
MAR01737,0.9998284219999999,0.7715278427105723
MAR00469,0.9998280320000001,0.8380760598935596
MAR01126,0.9998279100000002,0.8571387491013556
MAR01681,0.999827328,0.7715278427105708
MAR03761,0.999826812,0.6804214264175606
MAR03965,0.9998251739999999,0.676112710191963
MAR02137,0.9998229519999999,0.8571387491013778
MAR12145,0.999822818,0.8391463916782738
MAR01075,0.999821364,0.874987418218431
MAR00981,0.9998202519999999,0.857138749101364
MAR01604,0.9998198,0.7715278427105821
MAR12154,0.999819582,0.8391463916782738
MAR09874,0.999819334,0.7071067811865475
MAR06861,0.999819308,0.6123724356957946
MAR05318,0.999819248,0.8164965809277261
MAR07072,0.999818928,0.7715278427105673
MAR12146,0.99981883,0.8999999999999998
MAR07076,0.999818022,0.7171282293208521
MAR01516,0.999817924,0.8391463916782738
MAR11548,0.999817906,0.7715278427105697
MAR03901,0.9998176099999998,0.5999838962921447
MAR03477,0.99981753,0.5999838962921156
MAR11545,0.9998174859999999,0.7715278427105703
MAR06513,0.99981737,0.5
MAR05344,0.999816328,0.7071067811865475
MAR12183,0.9998159660000001,0.836672056066942
MAR01471,0.999813344,0.9947532997631833
MAR04174,0.9998117800000001,0.6859943405700353
MAR08598,0.9998079259999999,0.7715278427105741
MAR01739,0.9998079259999999,0.7715278427105678
MAR01765,0.9998079259999999,0.7715278427105808
MAR01238,0.9998079259999999,0.7715278427105713
MAR01767,0.9998079259999999,0.7715278427105824
MAR01797,0.9998079259999999,0.7715278427105808
MAR01804,0.9998079259999999,0.7715278427105818
MAR01234,0.9998079259999999,0.77152784271057
MAR11224,0.9998079259999999,0.7715278427105697
MAR01236,0.9998079259999999,0.7715278427105686
MAR08601,0.9998079259999999,0.7715278427105648
MAR08052,0.9998079259999999,0.7715278427105666
MAR08596,0.9998079259999999,0.771527842710561
MAR02935,0.9998079259999999,0.7715278427105706
MAR06426,0.9998079259999999,0.7715278427105686
MAR06428,0.9998079259999999,0.9166666666666669
MAR06441,0.9998079259999999,0.771527842710568
MAR06443,0.9998079259999999,0.9166666666666669
MAR07044,0.9998079259999999,0.7715278427105706
MAR09971,0.9998079259999999,0.7715278427105686
MAR08032,0.9998079259999999,0.7715278427105624
MAR01991,0.9998079259999999,0.7715278427105701
MAR08040,0.9998079259999999,0.7715278427105716
MAR08046,0.9998079259999999,0.7715278427105668
MAR03840,0.9998079259999999,0.7715278427105625
MAR03766,0.9998079259999999,0.7715278427105818
MAR08034,0.9998079259999999,0.7715278427105623
MAR08498,0.9998079259999999,0.771527842710565
MAR01992,0.9998079259999999,0.7715278427105732
MAR11312,0.9998067159999999,0.8380760598935555
MAR03995,0.9998056420000001,0.5669630130325086
MAR07149,0.999803988,0.5773502691896258
MAR04302,0.9998022399999998,0.7453559949164902
MAR09802,0.999797532,0.6454798993623412
MAR00961,0.9997951740000002,0.8749874182184362
MAR04400,0.999793326,0.6999879222190786
MAR08727,0.999789878,0.7499748364368508
MAR04287,0.9997890519999999,0.7777728075865347
MAR08698,0.999788784,0.8249559345267402
MAR06371,0.9997877479999999,0.7071067811865475
MAR09885,0.999782196,0.7071067811865475
MAR04108,0.9997807419999999,0.5129815673703932
MAR00976,0.9997793319999999,0.7499748364368688
MAR03475,0.9997762659999999,0.7303114437990678
MAR04681,0.9997734319999999,0.6859943405700353
MAR08743,0.9997703439999999,0.5
MAR06707,0.999769526,0.6859943405700353
MAR04114,0.9997685440000001,0.5999838962920869
MAR05432,0.99976316,0.6859943405700353
MAR05448,0.99976316,0.8677218312746247
MAR08076,0.99976316,0.7999999999999998
MAR08077,0.99976316,0.8485281374238569
MAR09900,0.999762394,0.6859943405700353
MAR07754,0.9997618019999999,0.5999838962921931
MAR00061,0.9997609260000001,0.7071067811865475
MAR08489,0.9997570379999999,0.599983896292089
MAR06787,0.9997566680000001,0.6859943405700353
MAR04046,0.9997563099999999,0.7637552948327587
MAR04323,0.9997539740000001,0.5999838962921293
MAR04428,0.9997525000000002,0.6859943405700353
MAR01661,0.9997520300000001,0.8380760598935553
MAR01913,0.999749252,0.9454810160606235
MAR02304,0.999749252,0.8380760598935635
MAR09939,0.99974908,0.5999838962921289
MAR07972,0.9997368219999998,0.6931073834596142
MAR08529,0.9997349439999998,0.6172015675705008
MAR11859,0.9997300600000001,0.8380760598935575
MAR04133,0.9997285699999999,0.5999838962921756
MAR05995,0.9997241880000001,0.9899494936611664
MAR09906,0.999724136,0.8380760598935557
MAR01870,0.999724136,0.8380760598935635
MAR01320,0.9997203480000001,0.8660254038624542
MAR01032,0.999718068,0.9505166857205934
MAR04560,0.99971688,0.6804214264175565
MAR04888,0.9997154,0.5827814775329471
MAR03903,0.9997085720000001,0.5773373561094454
MAR08699,0.9997077600000001,0.8249559345267272
MAR06758,0.999707746,0.6172015675705003
MAR08541,0.9997077400000001,0.47140979244547854
MAR06372,0.9997044879999999,0.8164965809277261
MAR02889,0.9997005800000001,0.8249559345267068
MAR06749,0.9996985220000001,0.8249559345267061
MAR06754,0.99969409,0.8249559345267461
MAR04686,0.999690052,0.8249559345267181
MAR01575,0.999689532,0.7796657784652918
MAR11857,0.9996877879999999,0.8380760598935614
MAR03210,0.9996864779999999,0.8249559345267301
MAR07636,0.9996863899999999,0.7193976405259902
MAR00334,0.9996863899999999,0.8380760598935612
MAR03790,0.9996861059999999,0.5773502691896258
MAR04704,0.9996861059999999,0.5773502691896258
MAR01868,0.999683658,0.8380760598935619
MAR01461,0.9996833559999999,0.7071067811865475
MAR09903,0.99968039,0.8380760598935613
MAR04069,0.999679778,0.6172015675705159
MAR01031,0.9996788280000001,0.9505166857205921
MAR03013,0.999675038,0.838076059893566
MAR07992,0.999672912,0.6172222741684509
MAR11968,0.99967289,0.8380760598935569
MAR03852,0.9996712139999999,0.6172015675704936
MAR01024,0.9996709859999999,0.9505166857205914
MAR01874,0.9996679479999999,0.8380760598935619
MAR07805,0.9996666120000001,0.7071067811865475
MAR04070,0.9996659720000001,0.6172015675704966
MAR04689,0.9996650880000001,0.8198872574066018
MAR04558,0.999662878,0.6172015675704942
MAR09875,0.9996620999999999,0.8728715609439696
MAR06374,0.9996617579999999,0.7071067811865475
MAR06748,0.99966159,0.819887257406601
MAR04519,0.9996601860000001,0.7303114437990373
MAR04646,0.99965949,0.7303114437990373
MAR08606,0.9996591240000001,0.6172015675705057
MAR08730,0.9996552400000001,0.8380760598935639
MAR09988,0.999650368,0.8380760598935639
MAR06767,0.999649404,0.8249559345267441
MAR06791,0.999649404,0.8249559345267072
MAR07131,0.999649404,0.9311153049399139
MAR06761,0.999649404,0.8249559345267461
MAR10014,0.9996492180000001,0.8380760598935576
MAR07629,0.999646864,0.6149756169183984
MAR06752,0.99964578,0.6172015675704944
MAR03017,0.999645688,0.8380760598935786
MAR04683,0.999645252,0.8198872574066044
MAR08892,0.999643886,0.8380760598935626
MAR07679,0.99964097,0.8380760598935573
MAR06510,0.9996403919999999,0.6999879222190721
MAR10018,0.9996395600000001,0.838076059893558
MAR10146,0.9996392999999999,0.8380760598935563
MAR08935,0.9996381339999999,0.8380760598935639
MAR10451,0.999637298,0.8380760598935558
MAR10452,0.9996367319999999,0.8380760598935555
MAR10147,0.999635576,0.8380760598935573
MAR01611,0.9996353819999999,0.8198872574066016
MAR03815,0.9996353819999999,0.8198872574066169
MAR11970,0.9996329239999999,0.8380760598935593
MAR08416,0.9996328,0.5477335828492975
MAR10010,0.99963234,0.8380760598935659
MAR10165,0.9996312359999999,0.838076059893556
MAR04097,0.9996301080000001,0.6666666666666667
MAR09962,0.999629354,0.8380760598935546
MAR09986,0.99962899,0.8380760598935586
MAR11915,0.9996285520000001,0.838076059893559
MAR10144,0.9996271459999999,0.8380760598935597
MAR10386,0.999627108,0.8380760598935596
MAR05427,0.9996267839999999,0.6931073834596142
MAR05023,0.999625942,0.7071067811865475
MAR10453,0.9996256259999999,0.8380760598935565
MAR06373,0.999625588,0.7071067811865475
MAR10020,0.999623948,0.8380760598935635
MAR11849,0.999623924,0.8380760598935608
MAR10380,0.9996232679999999,0.8380760598935566
MAR10171,0.9996229680000001,0.8380760598935566
MAR02427,0.99962146,0.5
MAR10172,0.9996195279999999,0.8380760598935629
MAR12262,0.9996183140000001,0.8380760598935599
MAR10141,0.99961722,0.8380760598935582
MAR00041,0.9996159920000001,0.7142774982027504
MAR06376,0.9996156660000001,0.8999959740730049
MAR02188,0.9996149079999999,0.7777728075865467
MAR04685,0.9996149079999999,0.7777728075865484
MAR08440,0.9996149079999999,0.7777728075865467
MAR02192,0.9996149079999999,0.7777728075865429
MAR08563,0.9996149079999999,0.7777728075865769
MAR02196,0.9996149079999999,0.7777728075865467
MAR08778,0.9996149079999999,0.7777728075865507
MAR08488,0.999612814,0.599983896292104
MAR11374,0.999611726,0.8571387491013653
MAR10154,0.9996104320000001,0.8380760598935564
MAR08658,0.9996098980000001,0.8380760598935487
MAR09893,0.9996092799999999,0.8380760598935553
MAR02767,0.999609148,0.8571387491014301
MAR10016,0.999609014,0.8380760598935565
MAR01622,0.9996088459999999,0.8380760598935504
MAR10176,0.9996086959999999,0.8380760598935619
MAR09963,0.9996080880000001,0.8380760598935573
MAR06789,0.9996070060000001,0.6172015675705089
MAR06751,0.9996070060000001,0.617201567570503
MAR08783,0.9996070060000001,0.6172015675704888
MAR06764,0.9996070060000001,0.6172015675704924
MAR08604,0.9996070060000001,0.6172015675705012
MAR04430,0.9996070060000001,0.6172015675704935
MAR04682,0.9996070060000001,0.6172015675705025
MAR06713,0.9996070060000001,0.6172015675704983
MAR07591,0.9996063,0.7171241046348098
MAR08934,0.9996055399999999,0.838076059893564
MAR10407,0.9996049899999999,0.8380760598935633
MAR10148,0.9996049100000001,0.8380760598935593
MAR02140,0.999603696,0.7142774982027468
MAR05068,0.999600032,0.7071067811865475
MAR08884,0.999598312,0.9486832980505138
MAR07926,0.9995981,0.7071067811865475
MAR10381,0.9995978940000001,0.8380760598935578
MAR10150,0.999596914,0.8380760598935569
MAR07634,0.9995967520000001,0.7193976405259884
MAR00052,0.9995967520000001,0.8380760598935586
MAR10409,0.9995947380000001,0.838076059893554
MAR07592,0.9995946800000001,0.8380760598935558
MAR10163,0.9995938200000001,0.8380760598935596
MAR09486,0.9995922580000001,0.5669548610973576
MAR10170,0.9995919900000001,0.8380760598935593
MAR03205,0.999591536,0.75
MAR10173,0.9995887419999999,0.838076059893556
MAR06766,0.999588284,0.8198872574066317
MAR04233,0.999588284,0.8198872574065945
MAR06714,0.999588284,0.8198872574066345
MAR06349,0.999588284,0.8999959740730025
MAR04703,0.999588284,0.8198872574065978
MAR04797,0.999588284,0.8198872574066004
MAR06350,0.999588284,0.8660254038624583
MAR08605,0.999588284,0.8198872574065977
MAR04431,0.999588284,0.8198872574065966
MAR08784,0.999588284,0.8198872574065967
MAR08349,0.999588284,0.8134885747449412
MAR06790,0.999588284,0.819887257406602
MAR00067,0.999588284,0.8198872574066031
MAR06760,0.999588284,0.8198872574065946
MAR11829,0.999585988,0.8380760598935573
MAR09610,0.999585948,0.8944271909999159
MAR04939,0.999585948,0.9899494936611664
MAR09881,0.999585344,0.8380760598935557
MAR09880,0.999585344,0.8380760598935613
MAR02276,0.9995835599999999,0.8380760598935623
MAR11388,0.999582316,0.8380760598935605
MAR01555,0.999581532,0.8380760598935552
MAR07637,0.999581532,0.7193976405259905
MAR04736,0.999579762,0.6030282065666612
MAR11380,0.999577092,0.8380760598935589
MAR11383,0.9995740019999999,0.8380760598935587
MAR11377,0.9995736660000001,0.8380760598935573
MAR12157,0.9995713079999999,0.8380760598935599
MAR07778,0.999571216,0.39223530691722774
MAR04905,0.999569994,0.5
MAR09928,0.999569872,0.9203579866168443
MAR07595,0.9995677599999999,0.9428090415820635
MAR12294,0.9995671319999999,0.8380760598935593
MAR12153,0.9995656220000001,0.8380760598935599
MAR11761,0.99956358,0.8380760598935587
MAR11722,0.99956358,0.8380760598935608
MAR00065,0.99956358,0.8380760598935593
MAR11626,0.99956358,0.8380760598935608
MAR10425,0.99956358,0.838076059893556
MAR11760,0.99956358,0.8380760598935586
MAR11314,0.99956358,0.7193976405259915
MAR11622,0.99956358,0.8380760598935608
MAR11742,0.99956358,0.8380760598935589
MAR11648,0.99956358,0.838076059893554
MAR11759,0.99956358,0.8380760598935687
MAR11747,0.99956358,0.8380760598935589
MAR11766,0.99956358,0.8380760598935563
MAR11616,0.99956358,0.8380760598935608
MAR11628,0.99956358,0.8380760598935603
MAR11620,0.99956358,0.8380760598935608
MAR09879,0.99956358,0.8380760598935688
MAR11613,0.99956358,0.8380760598935608
MAR11386,0.99956358,0.8380760598935593
MAR11776,0.99956358,0.8380760598935559
MAR11615,0.99956358,0.8380760598935582
MAR11621,0.99956358,0.838076059893558
MAR11851,0.99956358,0.8380760598935566
MAR11617,0.99956358,0.8380760598935608
MAR11623,0.99956358,0.8380760598935582
MAR10401,0.99956358,0.8380760598935596
MAR10404,0.99956358,0.8380760598935633
MAR11774,0.99956358,0.8380760598935566
MAR11853,0.99956358,0.8380760598935557
MAR10155,0.99956358,0.8380760598935622
MAR11854,0.99956358,0.8380760598935563
MAR11625,0.99956358,0.838076059893558
MAR10157,0.99956358,0.8380760598935622
MAR11835,0.99956358,0.8380760598935602
MAR11754,0.99956358,0.8380760598935603
MAR01896,0.99956358,0.8380760598935597
MAR11726,0.99956358,0.8380760598935586
MAR11838,0.99956358,0.8380760598935602
MAR11624,0.99956358,0.8380760598935608
MAR11758,0.99956358,0.8380760598935603
MAR11724,0.99956358,0.838076059893561
MAR11619,0.99956358,0.8380760598935582
MAR09877,0.99956358,0.8380760598935608
MAR11738,0.99956358,0.8380760598935603
MAR11618,0.99956358,0.8380760598935582
MAR11614,0.99956358,0.8380760598935582
MAR12193,0.99956358,0.8380760598935593
MAR08103,0.99956358,0.838076059893556
MAR00058,0.99956358,0.8380760598935589
MAR11706,0.99956358,0.8380760598935586
MAR11704,0.99956358,0.8380760598935596
MAR10109,0.99956358,0.8380760598935596
MAR06779,0.99956358,0.8380760598935643
MAR01442,0.99956358,0.8380760598935555
MAR07681,0.99956358,0.7193976405259875
MAR12260,0.99956358,0.8380760598935599
MAR08633,0.99956358,0.8380760598935597
MAR11795,0.99956358,0.8380760598935566
MAR11714,0.99956358,0.8380760598935608
MAR10117,0.99956358,0.8380760598935596
MAR11708,0.99956358,0.838076059893561
MAR01518,0.99956358,0.8380760598935553
MAR12256,0.99956358,0.8380760598935596
MAR12195,0.99956358,0.8380760598935593
MAR11712,0.99956358,0.8380760598935596
MAR11698,0.99956358,0.8380760598935608
MAR12169,0.99956358,0.8380760598935599
MAR06775,0.99956358,0.8380760598935624
MAR07650,0.99956358,0.8380760598935688
MAR12274,0.99956358,0.8380760598935593
MAR12180,0.99956358,0.8380760598935599
MAR11700,0.99956358,0.838076059893561
MAR11702,0.99956358,0.8380760598935608
MAR12176,0.99956358,0.8380760598935599
MAR10368,0.99956358,0.8380760598935613
MAR12291,0.99956358,0.8380760598935599
MAR11966,0.99956358,0.8380760598935593
MAR12025,0.99956358,0.8380760598935593
MAR10100,0.99956358,0.8380760598935596
MAR10101,0.99956358,0.8380760598935597
MAR10102,0.99956358,0.8380760598935597
MAR12278,0.99956358,0.8380760598935599
MAR07633,0.99956358,0.719397640525992
MAR07635,0.99956358,0.7193976405259874
MAR04803,0.99956358,0.8380760598935575
MAR12252,0.99956358,0.8380760598935599
MAR11710,0.99956358,0.8380760598935586
MAR11767,0.99956358,0.8380760598935569
MAR11720,0.99956358,0.838076059893561
MAR09965,0.99956358,0.8380760598935573
MAR10166,0.99956358,0.8380760598935596
MAR11718,0.99956358,0.8380760598935586
MAR07967,0.99956358,0.8380760598935593
MAR07964,0.99956358,0.8380760598935687
MAR07986,0.99956358,0.838076059893557
MAR07990,0.99956358,0.8380760598935586
MAR12189,0.99956358,0.8380760598935593
MAR12240,0.99956358,0.8380760598935596
MAR11306,0.99956358,0.7193976405259868
MAR01659,0.99956358,0.8380760598935505
MAR11716,0.99956358,0.8380760598935596
MAR11696,0.99956358,0.8380760598935596
MAR08850,0.99956358,0.8380760598935596
MAR11773,0.99956358,0.8380760598935643
MAR07982,0.99956358,0.8380760598935614
MAR08922,0.99956358,0.7193976405259911
MAR08923,0.99956358,0.8380760598935643
MAR10126,0.99956358,0.8380760598935596
MAR07780,0.9995584799999999,0.39223530691722774
MAR09948,0.999556614,0.7999919481461395
MAR06532,0.99955108,0.9486832980505138
MAR04299,0.999546836,0.5999838962921183
MAR01019,0.999540828,0.9505166857205931
MAR03146,0.9995406219999999,0.6123724356957946
MAR11305,0.999533338,0.950516685720599
MAR04589,0.999526568,0.5773696391347674
MAR08987,0.999525272,0.4999999999999999
MAR03168,0.9995220119999999,0.6030282065666612
MAR03119,0.9995220119999999,0.7803950357890934
MAR03920,0.999517416,0.6030282065666612
MAR08879,0.999517196,0.6324555320336759
MAR07700,0.999516414,0.9203579866168444
MAR07699,0.999516414,0.8677218312746245
MAR04740,0.9995098179999999,0.49998881807035245
MAR08670,0.9995055220000001,0.8944271909999159
MAR01573,0.99949947,0.6666666666666667
MAR05457,0.999498902,0.9847319278346618
MAR03957,0.9994978,0.5999838962921115
MAR02340,0.9994960300000001,0.7071067811865475
MAR08008,0.99949049,0.8571387491013542
MAR10121,0.9994902120000001,0.6172222741684645
MAR04437,0.99947812,0.5773115273496553
MAR00126,0.99946991,0.8944271909999159
MAR12182,0.999468376,0.6324555320336759
MAR02141,0.9994654620000001,0.8571387491013727
MAR03915,0.999464512,0.5
MAR07879,0.999456106,0.5999838962921674
MAR08561,0.9994543799999999,0.5070760263695928
MAR01526,0.999453244,0.7999919481460704
MAR04458,0.999451488,0.5773696391347716
MAR11506,0.9994513360000001,0.6030282065666611
MAR01784,0.999450218,0.8081336548542184
MAR01578,0.999450218,0.8081336548542137
MAR01762,0.999450218,0.8081336548542184
MAR01927,0.999450218,0.8081336548542184
MAR04702,0.9994497619999999,0.6943750584395161
MAR04660,0.9994467,0.6030282065666612
MAR03757,0.99944393,0.6324364350970154
MAR01605,0.999440244,0.8571387491014213
MAR01995,0.9994370459999999,0.717147476628819
MAR01805,0.999432178,0.7333921360867054
MAR01012,0.999430244,0.935428974662542
MAR12270,0.999427714,0.6324555320336759
MAR06448,0.9994265219999999,0.8947357269231113
MAR06433,0.9994265219999999,0.8947357269231113
MAR05431,0.9994204,0.9219544457292885
MAR12289,0.99941932,0.7500000000000001
MAR02559,0.9994188000000002,0.7803950357891134
MAR07179,0.9994142719999999,0.9428090415820635
MAR03214,0.9994126980000001,0.7777728075865706
MAR04105,0.99940806,0.6859943405700353
MAR06896,0.9994023740000001,0.9428090415820635
MAR03166,0.9993991879999999,0.6324364350969911
MAR04498,0.999394612,0.5393485395047937
MAR03745,0.9993917700000001,0.7171241046347869
MAR03130,0.9993913400000001,0.6324364350969914
MAR10357,0.9993894539999999,0.5477335828492977
MAR03137,0.999387344,0.6324364350969829
MAR07162,0.9993856799999999,0.501662423743757
MAR08607,0.99938538,0.6488513092986731
MAR12185,0.9993829399999999,0.6324555320336759
MAR03144,0.999379064,0.6324364350970129
MAR12165,0.999378356,0.6324555320336759
MAR00134,0.9993754280000001,0.7333921360866933
MAR08004,0.9993754280000001,0.7333921360867072
MAR07999,0.9993754280000001,0.7333921360866914
MAR07996,0.9993754280000001,0.7333921360866836
MAR07934,0.9993754280000001,0.8153805609101912
MAR01749,0.9993754280000001,0.7999999999999998
MAR01567,0.9993754280000001,0.7999999999999998
MAR01928,0.9993754280000001,0.7333921360866914
MAR01748,0.9993754280000001,0.7999999999999998
MAR01687,0.9993754280000001,0.7333921360866904
MAR03768,0.9993754280000001,0.7333921360867054
MAR01747,0.9993754280000001,0.7333921360867054
MAR01746,0.9993754280000001,0.7333921360867054
MAR02009,0.9993754280000001,0.7333921360866881
MAR02010,0.9993754280000001,0.7333921360866903
MAR02011,0.9993754280000001,0.7999999999999998
MAR01682,0.9993754280000001,0.733392136086686
MAR01691,0.999369978,0.7777728075865484
MAR02891,0.999369978,0.7777728075865051
MAR02189,0.999369978,0.7777728075865102
MAR02195,0.999369978,0.7777728075865273
MAR04687,0.999369978,0.7777728075865159
MAR02197,0.999369978,0.7777728075865102
MAR07331,0.9993665359999999,0.7071067811865475
MAR04513,0.9993650859999998,0.6324399717684338
MAR12267,0.9993629800000001,0.6324555320336759
MAR04007,0.999351932,0.6030282065666612
MAR01241,0.999351932,0.499988818070354
MAR04232,0.999351932,0.499988818070352
MAR01660,0.999350768,0.5999838962921382
MAR02015,0.9993501300000001,0.7999919481460025
MAR02329,0.9993500479999999,0.5999838962921296
MAR04316,0.9993444759999999,0.7171241046347867
MAR10129,0.9993423759999999,0.5999838962921653
MAR05428,0.999337586,0.9190182776172596
MAR03209,0.999331844,0.7999919481460758
MAR00967,0.9993310079999999,0.8749874182184233
MAR08410,0.999328878,0.4780694463063031
MAR00968,0.9993274480000001,0.8933112489671066
MAR05038,0.9993246819999999,0.6859943405700353
MAR06361,0.9993246819999999,0.8677218312746245
MAR03437,0.9993175759999999,0.7844841128729141
MAR00759,0.99931214,0.9910398501845171
MAR11544,0.9993062580000001,0.5999838962921961
MAR10112,0.999305388,0.5999838962921653
MAR10106,0.999301988,0.5999838962921653
MAR09949,0.9992998959999999,0.5999838962921922
MAR01497,0.9992981239999998,0.9237604307034013
MAR10098,0.99929286,0.5999838962921653
MAR08108,0.999290712,0.9904728723789697
MAR03204,0.9992888000000001,0.6324364350970144
MAR03158,0.9992888000000001,0.6324364350969969
MAR03151,0.9992888000000001,0.6324364350969969
MAR00040,0.9992888000000001,0.6324364350969867
MAR03259,0.9992888000000001,0.6324364350969992
MAR03524,0.9992888000000001,0.6324364350969987
MAR03123,0.9992888000000001,0.6324364350969826
MAR04497,0.9992888000000001,0.6324364350969787
MAR08437,0.9992888000000001,0.6324364350969773
MAR04471,0.9992888000000001,0.6324364350969855
MAR06409,0.9992888000000001,0.6324364350969951
MAR08069,0.9992888000000001,0.6324364350970122
MAR02885,0.9992888000000001,0.6324364350970141
MAR02881,0.9992888000000001,0.6324364350970029
MAR01609,0.9992888000000001,0.6324364350970141
MAR03529,0.9992888000000001,0.6324364350969987
MAR01689,0.9992888000000001,0.6324364350969843
MAR03533,0.9992888000000001,0.6324364350969932
MAR03117,0.9992888000000001,0.6324364350969934
MAR01651,0.9992888000000001,0.6324364350969833
MAR11565,0.9992888000000001,0.6324364350969969
MAR01977,0.999282086,0.6761127101919072
MAR03880,0.9992725140000001,0.6900397610923431
MAR12143,0.999271772,0.6324555320336759
MAR11411,0.999263432,0.3890545456835999
MAR11414,0.99925532,0.3807532725244025
MAR07193,0.99925532,0.3807532725244025
MAR03899,0.9992544099999998,0.5
MAR05291,0.999252828,0.9997422806229594
MAR05366,0.999252548,0.8933112489671066
MAR06344,0.999252066,0.8933112489671066
MAR10374,0.9992516339999999,0.5999838962921769
MAR12172,0.9992324439999999,0.6324555320336759
MAR12244,0.999228566,0.6324555320336759
MAR06345,0.999223428,0.8933112489671066
MAR05025,0.999219292,0.8933112489671066
MAR08444,0.999213078,0.7499748364368628
MAR04854,0.9992116879999999,0.5
MAR06284,0.9992071600000001,0.8933112489671066
MAR05327,0.999207102,0.8933112489671066
MAR12304,0.9991922500000001,0.6324555320336759
MAR12148,0.99918833,0.6324555320336759
MAR12238,0.9991872620000001,0.6324555320336759
MAR03802,0.999182658,0.7999838956438416
MAR10095,0.9991707980000001,0.5999838962921653
MAR11552,0.9991707980000001,0.5999838962921686
MAR09950,0.9991707980000001,0.5999838962921534
MAR11559,0.9991707980000001,0.5999838962921686
MAR11492,0.9991707980000001,0.599983896292196
MAR10092,0.9991707980000001,0.5999838962921653
MAR07655,0.9991601259999999,0.6761127101919839
MAR08779,0.999157784,0.6324364350970137
MAR04816,0.999153854,0.8486638027078985
MAR05256,0.9991489040000001,0.8547043234472845
MAR05086,0.9991489040000001,0.8547043234472845
MAR04987,0.9991489040000001,0.8547043234472845
MAR05069,0.9991489040000001,0.8547043234472845
MAR04459,0.9991471520000001,0.5999838962921765
MAR11736,0.9991456099999999,0.5999838962921555
MAR12162,0.999114634,0.6324555320336759
MAR05923,0.9990973999999999,0.7071067811865475
MAR05182,0.99909719,0.8933112489671066
MAR01440,0.99909219,0.8407160649210421
MAR06098,0.999091722,0.8164965809277261
MAR05853,0.999091548,0.6666666666666667
MAR04913,0.999091524,0.4999999999999999
MAR01496,0.9990880819999999,0.6666219299422378
MAR08415,0.99907706,0.5773115276617171
MAR02146,0.999071886,0.7999919481460864
MAR05100,0.99906504,0.8933112489671066
MAR05026,0.999062554,0.8933112489671066
MAR05180,0.999061208,0.8933112489671066
MAR05108,0.999061208,0.8933112489671066
MAR05331,0.999061208,0.8933112489671066
MAR00978,0.999061208,0.8933112489671066
MAR05350,0.999061208,0.8933112489671066
MAR05377,0.999061208,0.8933112489671066
MAR06322,0.999061208,0.8933112489671066
MAR05372,0.999061208,0.8933112489671066
MAR05189,0.999061208,0.8933112489671066
MAR05178,0.999061208,0.8933112489671066
MAR05097,0.999061208,0.8933112489671066
MAR05119,0.999061208,0.8933112489671066
MAR02378,0.9990575939999999,0.7378625477528012
MAR01142,0.9990545039999998,0.49989933561506406
MAR00048,0.999052438,0.5999838962921209
MAR06537,0.999045114,0.7171241046348207
MAR04623,0.9990445219999999,0.5669548610973496
MAR08482,0.9990439520000001,1.0
MAR12285,0.999040106,0.6324555320336759
MAR08983,0.99903861,0.8333333333333335
MAR07593,0.999033292,0.8728715609439696
MAR12288,0.999029634,0.6324555320336759
MAR01883,0.9990229959999999,0.6666666666666667
MAR08443,0.9990228819999999,0.7499748364368614
MAR06813,0.999021094,0.668142537350195
MAR06988,0.99901236,0.6614568485379342
MAR04741,0.9990113260000001,0.5999838962921955
MAR04732,0.999009018,0.7499748364368614
MAR04328,0.99900838,0.37796990739823344
MAR04296,0.9990008400000001,0.6172015675704519
MAR01245,0.998994398,0.6324364350969907
MAR05932,0.998986954,0.8164965809277263
MAR07258,0.9989854380000001,0.6761127101919963
MAR09494,0.9989854380000001,0.676112710191943
MAR09489,0.9989854380000001,0.8306777378317312
MAR02375,0.9989771959999999,0.643267520902677
MAR03887,0.9989719060000001,0.799991948146002
MAR10358,0.9989685900000002,0.5477335828492964
MAR10416,0.998963968,0.5477335828492969
MAR05526,0.9989630120000002,0.7071067811865475
MAR08626,0.9989621659999999,0.547733582849288
MAR08501,0.99895903,0.7171241046347876
MAR04259,0.9989578760000001,0.6324364350969864
MAR04448,0.9989574039999999,0.7905614582254268
MAR02779,0.998956358,0.7999919481460106
MAR11482,0.998950128,0.5999838962921853
MAR11525,0.998948536,0.5999838962921544
MAR12235,0.998945492,0.6324555320336759
MAR08513,0.9989444519999999,0.7071067811865475
MAR03795,0.9989311940000001,0.6666666666666667
MAR12298,0.99893093,0.6324555320336759
MAR05489,0.9989268920000001,0.7071067811865475
MAR09617,0.998903112,0.9428090415820635
MAR03800,0.998902416,0.6666666666666667
MAR11745,0.9988950040000001,0.599983896292152
MAR03755,0.9988950040000001,0.5999838962921077
MAR11487,0.9988950040000001,0.5999838962921524
MAR11521,0.9988950040000001,0.5999838962921524
MAR11495,0.9988950040000001,0.5999838962921871
MAR11740,0.9988950040000001,0.5999838962921575
MAR11515,0.9988950040000001,0.5999838962921524
MAR01662,0.9988950040000001,0.5999838962921222
MAR11752,0.9988950040000001,0.5999838962921549
MAR06383,0.998892824,0.8164965809277261
MAR02014,0.9988895899999999,0.7999919481460405
MAR12281,0.9988884280000001,0.6324555320336759
MAR04167,0.998878128,0.8366528086482999
MAR07627,0.998873308,0.6324505811895884
MAR03907,0.9988715380000001,0.7171241046347892
MAR07630,0.9988634980000001,0.968962790249909
MAR06865,0.9988626120000001,0.9428090415820635
MAR04523,0.998859858,0.8366528086482847
MAR03847,0.9988446979999999,0.6123724356957946
MAR09798,0.9988362800000001,0.6001869840006858
MAR07734,0.9988356599999999,0.7071067811865475
MAR08500,0.9988169140000001,0.7999919481460539
MAR09015,0.998813588,0.7071067811865475
MAR07976,0.998813022,0.7999919481460205
MAR12301,0.9987956480000001,0.6324555320336759
MAR05924,0.9987794039999999,0.8164965809277263
MAR05490,0.998773918,0.7071067811865475
MAR07973,0.9987729080000001,0.6999879222190626
MAR00973,0.998769538,0.7171241046347929
MAR08478,0.9987687879999999,0.5999838962921704
MAR05523,0.998758448,0.7071067811865475
MAR00454,0.9987571980000001,0.6324399717684263
MAR03855,0.9987561460000001,0.7999919481460686
MAR05933,0.998750332,0.7071067811865475
MAR11443,0.9987480700000001,0.7071067811865475
MAR11310,0.9987367,1.0
MAR08717,0.998727532,0.75
MAR08497,0.998722624,0.717124104634788
MAR01570,0.998715368,0.799991948146018
MAR11470,0.998711968,0.5477335828492915
MAR11458,0.998711968,0.5477335828492937
MAR05418,0.998711968,0.5477335828492705
MAR10412,0.998711968,0.5477335828492973
MAR10444,0.998711968,0.5477335828492917
MAR05419,0.998711968,0.5477335828492967
MAR10403,0.998711968,0.5477335828492871
MAR08872,0.9987004259999999,0.7071067811865475
MAR09934,0.9987000100000001,0.799991948146042
MAR08279,0.99869456,0.7171241046348089
MAR01244,0.998694352,0.7171241046347965
MAR01590,0.9986938459999999,0.6761127101919624
MAR07657,0.9986838560000001,0.9428090415820635
MAR08911,0.998682258,0.7071067811865475
MAR08912,0.998682258,0.8677218312746245
MAR08099,0.9986804599999999,0.7071067811865475
MAR01162,0.9986793580000001,0.5000055914339421
MAR03894,0.9986771639999998,0.6324364350969797
MAR04465,0.998665108,0.7171241046348025
MAR01982,0.9986612380000001,0.699987922219051
MAR02895,0.9986610299999998,0.7559126420895802
MAR01685,0.9986610299999998,0.6324364350970192
MAR05412,0.9986610299999998,0.6324364350969964
MAR05404,0.9986610299999998,0.632436435096996
MAR05312,0.9986610299999998,0.6324364350970022
MAR01610,0.9986610299999998,0.6324364350970193
MAR05001,0.9986610299999998,0.6324364350970022
MAR05302,0.9986610299999998,0.6324364350970062
MAR08975,0.9986575,0.6324399717684007
MAR03420,0.998650936,0.7999919481460426
MAR03856,0.998650346,0.7453493242587856
MAR09807,0.9986405279999999,0.6172015675704686
MAR03160,0.9986390540000001,0.6123724356957946
MAR10449,0.99863269,0.7171241046347968
MAR08063,0.998631992,0.5089722695388351
MAR05936,0.9986319480000001,0.7071067811865475
MAR01771,0.998623824,0.7171241046347993
MAR03507,0.9986215039999999,0.620154466802515
MAR12004,0.9986195160000001,0.8386253187004682
MAR01976,0.998618942,0.7171241046348096
MAR04975,0.998618324,0.7071067811865475
MAR05838,0.9986149400000001,0.8164965809277261
MAR07260,0.9986087379999999,0.7171241046348013
MAR06154,0.9986077200000001,0.6666666666666667
MAR05925,0.9986008139999999,0.8164965809277263
MAR00980,0.9986007699999998,0.7999919481460408
MAR06733,0.998598492,0.8677218312746245
MAR09614,0.998598492,0.7071067811865475
MAR08345,0.9985696199999999,0.5669548610973496
MAR08346,0.9985696199999999,0.5669548610973496
MAR06355,0.998565908,0.9486832980505138
MAR08766,0.9985529379999999,0.7171241046347889
MAR09936,0.998527294,0.6999879222190709
MAR07908,0.99852582,0.9822868193332752
MAR02337,0.99851339,0.6201544668025196
MAR02206,0.99851339,0.6201544668025196
MAR08105,0.9985060779999999,0.9822868193332761
MAR01599,0.9985031939999999,0.7171241046347989
MAR05064,0.9985009979999999,0.7071067811865475
MAR12306,0.9984953900000001,0.6324555320336759
MAR05462,0.998484268,0.7071067811865475
MAR01673,0.99848286,0.7171241046347994
MAR03770,0.998471112,0.5
MAR04166,0.998469496,0.8366528086482851
MAR01444,0.998464626,0.6664801783140092
MAR11357,0.998452378,0.7071067811865475
MAR06435,0.998447526,0.8583996222845091
MAR03330,0.998444672,0.5000055914339421
MAR07257,0.9984436599999998,0.35355339059327373
MAR06357,0.998441184,0.9486832980505138
MAR06451,0.9984236040000001,0.8583996222845126
MAR07950,0.998417244,0.5999838962920937
MAR05858,0.9984051060000001,0.8164965809277261
MAR01892,0.9984045420000001,0.6666666666666667
MAR06551,0.9983960680000001,0.799991948146109
MAR07930,0.99839439,0.7999919481460541
MAR05960,0.9983939599999999,0.7071067811865475
MAR05828,0.998393432,0.8164965809277261
MAR06092,0.99839159,0.6666666666666667
MAR03854,0.998381322,0.745349324258773
MAR06362,0.998378794,0.9486832980505138
MAR01885,0.9983783660000001,0.6666666666666667
MAR07597,0.9983745880000001,0.7826296690944838
MAR06921,0.9983739039999999,0.9486854198220165
MAR05459,0.998373752,0.7071067811865475
MAR08542,0.9983578120000001,0.55470449068391
MAR03933,0.99835186,0.7303114437990597
MAR08093,0.9983485379999999,0.7071067811865475
MAR01525,0.998348362,0.7071067811865475
MAR05476,0.998344106,0.7071067811865475
MAR01979,0.998340204,0.6999879222190711
MAR05929,0.998337444,0.8164965809277263
MAR06781,0.9983240980000001,0.7071067811865475
MAR03118,0.998316284,0.6123724356957946
MAR01884,0.9982984480000001,0.6666666666666667
MAR00115,0.9982975,0.6201544668025104
MAR03518,0.9982975,0.6201544668025198
MAR08344,0.9982975,0.6201544668024984
MAR00227,0.9982975,0.6201544668025106
MAR02019,0.9982975,0.6201544668025055
MAR02301,0.9982975,0.795560747333978
MAR01595,0.99828308,0.7171241046347868
MAR01231,0.99828308,0.7171241046347985
MAR01801,0.99828308,0.7171241046348088
MAR02327,0.99828308,0.7171241046347995
MAR01742,0.99828308,0.7171241046348285
MAR12005,0.99828308,0.7171241046348098
MAR02323,0.99828308,0.7171241046347995
MAR01741,0.99828308,0.7171241046347993
MAR01740,0.99828308,0.7171241046347993
MAR11499,0.99828308,0.7171241046348105
MAR01768,0.99828308,0.7171241046347867
MAR08348,0.99828308,0.7171241046348035
MAR01769,0.99828308,0.7171241046347867
MAR12020,0.99828308,0.7171241046348064
MAR01770,0.99828308,0.7171241046347991
MAR08634,0.99828308,0.7171241046348267
MAR01743,0.99828308,0.7171241046348285
MAR00781,0.99828308,0.7171241046347868
MAR04472,0.99828308,0.717124104634786
MAR02374,0.99828308,0.7171241046347943
MAR01978,0.99828308,0.7171241046348287
MAR01519,0.99828308,0.7171241046347889
MAR01676,0.99828308,0.7171241046347865
MAR08341,0.99828308,0.7171241046347876
MAR03620,0.99828308,0.7171241046347998
MAR02018,0.99828308,0.7171241046348272
MAR01280,0.99828308,0.7171241046347969
MAR06817,0.99828308,0.717124104634821
MAR03354,0.99828308,0.7171241046348023
MAR08659,0.998273936,0.6324555320336759
MAR04350,0.9982674920000001,0.6324399717684122
MAR00045,0.998265926,0.7071067811865475
MAR04344,0.998260696,0.699987922219077
MAR01228,0.9982513340000001,0.7999919481460123
MAR08710,0.9982459980000001,0.6999879222190959
MAR06358,0.9982442880000001,0.9486832980505138
MAR01970,0.9982435939999998,0.4472225976557378
MAR00119,0.998217346,0.6664801783140034
MAR01967,0.99820659,0.6999879222190785
MAR08533,0.9981869159999999,0.5547044906839089
MAR01434,0.9981864120000001,0.6123724356957947
MAR06450,0.9981810620000001,0.8346204883243044
MAR06432,0.9981810620000001,0.834620488324299
MAR06434,0.9981810620000001,0.8346204883243044
MAR06447,0.9981810620000001,0.834620488324299
MAR05930,0.998180852,0.7071067811865475
MAR03946,0.9981612200000001,0.4999999999999999
MAR05935,0.9981582679999998,0.7071067811865475
MAR04052,0.99815485,0.5999838962920778
MAR05934,0.9981361480000001,0.7071067811865475
MAR06089,0.998119712,0.6666666666666667
MAR06379,0.998114806,0.7071067811865475
MAR03125,0.998105264,0.6123724356957946
MAR01844,0.99810491,0.6172222741684634
MAR05931,0.9981033799999999,0.7071067811865475
MAR05524,0.99808907,0.7071067811865475
MAR05927,0.998087726,0.8164965809277263
MAR01889,0.998061034,0.6666666666666667
MAR07035,0.9980593799999999,0.7905614582253575
MAR09621,0.9980538860000001,0.6859943405700353
MAR00205,0.9980518140000001,0.6324626047003075
MAR03796,0.998045196,0.5477335828492853
MAR11316,0.9980174000000002,0.6729380858647497
MAR06965,0.9979993260000001,0.6999879222190803
MAR03811,0.9979971000000001,0.6172222741684446
MAR02883,0.9979917,0.7999919481460807
MAR08996,0.997978966,0.8333333333333335
MAR02827,0.997971772,0.5
MAR05938,0.9979690700000001,0.7071067811865475
MAR07674,0.99795828,0.7171241046348523
MAR05466,0.997957352,0.7071067811865475
MAR05617,0.997955288,0.8164965809277261
MAR05588,0.997955288,0.8164965809277261
MAR11247,0.99795345,0.9999999999999998
MAR12151,0.9979532539999999,0.6324555320336759
MAR08782,0.9979227099999999,0.6999879222190792
MAR03139,0.9979154619999999,0.6123724356957946
MAR07141,0.9978960600000001,0.7302869432810393
MAR11462,0.99789165,0.699987922219075
MAR05926,0.9978764080000001,0.7071067811865475
MAR02200,0.9978629,0.857498002323697
MAR05893,0.9978439399999999,0.8164965809277261
MAR06989,0.997839484,0.6859943405700353
MAR08924,0.997839484,0.8677218312746245
MAR03132,0.997831856,0.6123724356957946
MAR03153,0.997829486,0.6123724356957946
MAR03074,0.997827798,0.5000055914339421
MAR05525,0.9978208580000001,0.7071067811865475
MAR06388,0.997819576,0.7071067811865475
MAR03156,0.997814744,0.5
MAR02854,0.9978067960000001,0.5
MAR04653,0.9978060099999999,0.9999999999999998
MAR04852,0.997801798,0.5
MAR08982,0.99779891,0.35355339059327373
MAR03090,0.9977921999999999,0.5000055914339421
MAR08692,0.997784452,0.5999838962921838
MAR03066,0.99777883,0.5000055914339421
MAR06397,0.997770346,0.699987922219071
MAR09992,0.9977698920000002,0.7999919481460643
MAR08342,0.9977698920000002,0.7999919481460309
MAR03872,0.9977633079999999,0.6666666666666667
MAR01624,0.9977633079999999,0.6666666666666667
MAR01727,0.9977633079999999,0.6666666666666667
MAR01699,0.9977633079999999,0.6666666666666667
MAR01265,0.9977633079999999,0.6666666666666667
MAR01848,0.9977633079999999,0.6666666666666667
MAR05334,0.9977633079999999,0.6666666666666667
MAR01833,0.9977633079999999,0.6666666666666667
MAR08261,0.99775557,0.7999919481460779
MAR08813,0.9977340800000001,0.7999919481461336
MAR08820,0.99772462,0.75
MAR02840,0.997724232,0.5
MAR02186,0.997713772,0.8728673775117765
MAR05833,0.9977041879999999,0.8164965809277261
MAR01601,0.99769492,0.5345301692114837
MAR02630,0.9976791199999999,0.5
MAR01598,0.997678226,0.6999879222190759
MAR05059,0.9976736880000001,0.7071067811865475
MAR05622,0.9976688819999999,0.8164965809277261
MAR05679,0.9976688819999999,0.8164965809277261
MAR09894,0.997659112,0.8333333333333335
MAR06544,0.99764589,0.7999919481461335
MAR08110,0.9976323920000001,0.840492702166581
MAR07910,0.9976323920000001,0.8404927021665675
MAR07912,0.9976323920000001,0.8404927021665675
MAR08109,0.9976323920000001,0.8404927021666044
MAR08106,0.9976323920000001,0.8404927021666047
MAR08107,0.9976323920000001,0.8404927021665809
MAR09718,0.9976291359999999,0.6324399717684016
MAR08815,0.997628802,0.799991948146023
MAR05843,0.99762544,0.8164965809277261
MAR03062,0.9976231200000001,0.5000055914339421
MAR06846,0.9976026079999999,0.6666666666666667
MAR08781,0.9976008700000001,0.7999919481460762
MAR11463,0.997586882,0.6999879222190761
MAR05493,0.99757692,0.7071067811865475
MAR05878,0.9975750600000002,0.8164965809277261
MAR02864,0.9975656340000001,0.5
MAR03342,0.997560318,0.5000055914339421
MAR06363,0.9975581980000001,0.8677218312746245
MAR05039,0.9975581980000001,0.6859943405700353
MAR00920,0.9975573580000001,0.7171241046348507
MAR11249,0.997542232,0.9999999999999998
MAR00161,0.9975357020000001,0.5
MAR01437,0.9975322280000001,0.547733582849307
MAR05591,0.9975160279999999,0.8164965809277261
MAR05662,0.9975160279999999,0.6666666666666667
MAR01812,0.997501902,0.8333333333333335
MAR04425,0.99748357,0.6172222741684539
MAR08761,0.99747918,0.6324399717684306
MAR06592,0.9974675980000001,0.7999919481460327
MAR02381,0.9974572500000001,0.75
MAR02471,0.997447982,0.5
MAR06071,0.997442908,0.6666666666666667
MAR08074,0.9974389300000001,0.6324399717684033
MAR06595,0.99743168,0.7999919481460219
MAR08726,0.9974257019999999,0.6324399717683993
MAR07668,0.99742453,0.5999838962921749
MAR12024,0.997412768,0.4529143200686647
MAR09734,0.997412768,0.4529143200686654
MAR05054,0.9974089359999999,0.7071067811865475
MAR06094,0.9974055780000001,0.6666666666666667
MAR05912,0.997386588,0.7071067811865475
MAR09961,0.9973820440000001,0.6859943405700353
MAR08285,0.9973583940000001,0.7171241046348166
MAR08306,0.9973583940000001,0.7171241046348155
MAR08276,0.9973583940000001,0.7171241046348069
MAR08293,0.9973583940000001,0.7171241046348347
MAR08298,0.9973583940000001,0.7171241046348085
MAR08249,0.9973583940000001,0.7171241046348191
MAR00081,0.9973583940000001,0.7171241046348155
MAR07181,0.9973583940000001,0.7171241046348039
MAR08148,0.9973583640000001,0.7171241046348515
MAR08267,0.9973583640000001,0.7171241046348134
MAR08152,0.9973583640000001,0.7171241046348041
MAR08166,0.9973583640000001,0.7171241046348195
MAR08173,0.9973583640000001,0.717124104634853
MAR08147,0.9973583640000001,0.7171241046348054
MAR08258,0.9973583640000001,0.7171241046348514
MAR00082,0.9973583640000001,0.7171241046348094
MAR08277,0.9973583640000001,0.7171241046348068
MAR08185,0.9973583640000001,0.7171241046348044
MAR08150,0.9973583640000001,0.7171241046348373
MAR08281,0.9973583640000001,0.717124104634848
MAR08251,0.9973583640000001,0.717124104634804
MAR08250,0.9973583640000001,0.7171241046348193
MAR08186,0.9973583640000001,0.7171241046348191
MAR08302,0.9973583640000001,0.857134640823618
MAR08187,0.9973583640000001,0.7171241046348045
MAR05512,0.99735442,0.7071067811865475
MAR01453,0.99734747,0.6668691891961109
MAR02016,0.99734747,0.6999879222190906
MAR08068,0.99734747,0.6999879222190899
MAR01678,0.99734747,0.6999879222190699
MAR06519,0.99734747,0.6999879222190478
MAR01949,0.99734747,0.6999879222190685
MAR01808,0.99734747,0.6999879222190795
MAR04470,0.99734747,0.6999879222190604
MAR01608,0.99734747,0.699987922219092
MAR04764,0.99734747,0.6999879222190897
MAR11489,0.99734747,0.6999879222190772
MAR09935,0.99734747,0.6999879222190772
MAR04841,0.99734747,0.6999879222190812
MAR01803,0.99734747,0.6999879222190919
MAR11468,0.99734747,0.6999879222190755
MAR12021,0.99734747,0.6999879222190821
MAR01738,0.99734747,0.6999879222190775
MAR08352,0.99734747,0.6999879222190815
MAR01941,0.99734747,0.6999879222190751
MAR01766,0.99734747,0.6999879222190899
MAR04851,0.9973426120000001,0.5
MAR03851,0.997340552,0.5999838962921152
MAR10061,0.99733047,0.8666648774138171
MAR05494,0.997328482,0.7071067811865475
MAR06364,0.9973268080000001,0.8677218312746245
MAR05040,0.9973268080000001,0.6859943405700353
MAR04130,0.997318808,0.6324399717684445
MAR04414,0.997318808,0.6324399717684269
MAR08255,0.997314072,0.5999838962921098
MAR00153,0.997311654,0.6666666666666667
MAR02777,0.9973036860000001,0.7071067811865475
MAR03881,0.99728453,0.6666219299422732
MAR02886,0.997281546,0.5
MAR03070,0.9972811260000001,0.5000055914339421
MAR03094,0.997277332,0.5000055914339421
MAR11242,0.9972764680000001,0.9999999999999998
MAR03386,0.9972723779999999,0.7777728075865284
MAR03488,0.9972723779999999,0.7777728075865317
MAR04648,0.9972723779999999,0.680421426417571
MAR07807,0.9972718259999999,0.8333333333333335
MAR03202,0.9972561640000001,0.5
MAR11239,0.9972540480000001,0.9999999999999998
MAR01890,0.99724399,0.6666666666666667
MAR04476,0.997243366,0.6324399717684033
MAR04528,0.99723346,0.632439971768406
MAR06077,0.997213036,0.6666666666666667
MAR03057,0.9972068199999999,0.5000055914339421
MAR11304,0.9972042299999998,0.7071067811865475
MAR06080,0.997203972,0.6666666666666667
MAR02868,0.9971940800000001,0.5
MAR09571,0.997180438,0.6135843419337264
MAR02819,0.99715057,0.5
MAR11529,0.9971415419999999,0.7453493242588527
MAR01886,0.997138212,0.6666666666666667
MAR06156,0.997120746,0.6666666666666667
MAR05463,0.9971200100000001,0.7071067811865475
MAR06129,0.997116414,0.6324555320336759
MAR06093,0.99711444,0.6666666666666667
MAR02901,0.997114192,0.5
MAR05491,0.9971062799999999,0.7071067811865475
MAR09609,0.9971038320000002,0.8677218312746245
MAR02429,0.9970714380000001,0.5
MAR00251,0.9970500720000001,0.652898417341012
MAR08711,0.997049,0.5
MAR00218,0.9970420759999999,0.670820393249937
MAR09959,0.997033748,0.6859943405700353
MAR08102,0.99701245,0.5477335828492704
MAR07326,0.9970102220000001,0.5999838962921333
MAR07327,0.9970102220000001,0.5999838962921127
MAR08693,0.9970102220000001,0.5999838962921143
MAR05883,0.9969886499999999,0.8164965809277261
MAR11513,0.9969837,0.5
MAR11520,0.9969837,0.5
MAR07971,0.996982394,0.680421426417571
MAR11243,0.996979734,0.9999999999999998
MAR07180,0.9969654339999998,0.7999919481460966
MAR08257,0.9969654339999998,0.7999919481460696
MAR08254,0.996948244,0.7999919481460298
MAR08877,0.996948012,0.8677218312746245
MAR08876,0.996948012,0.7071067811865475
MAR02905,0.9969427059999999,0.5
MAR02656,0.9969417079999999,0.5
MAR11237,0.9969357600000001,0.9999999999999998
MAR09957,0.9969303920000001,0.6859943405700353
MAR09060,0.9969231559999999,0.6859943405700353
MAR02876,0.9969194720000001,0.5
MAR04649,0.996918468,0.5477335828492867
MAR05496,0.9969092400000001,0.7071067811865475
MAR09607,0.9969037780000001,0.9486832980505138
MAR05888,0.996902808,0.7071067811865476
MAR01436,0.99689862,0.6666666666666667
MAR07128,0.996892584,0.5999838962921712
MAR09979,0.99685687,0.6859943405700353
MAR04520,0.99681716,0.5477335828492905
MAR07962,0.9968152480000001,0.5
MAR10015,0.9968111260000001,0.632455532033676
MAR06583,0.996801992,0.75
MAR02477,0.99678036,0.5
MAR05380,0.9967797199999999,0.5
MAR06611,0.9967642120000001,0.5477335828492751
MAR07821,0.9967634839999999,0.7071067811865475
MAR05495,0.9967628919999999,0.7071067811865475
MAR06193,0.9967566919999999,0.6666666666666667
MAR02476,0.99675186,0.5
MAR05848,0.996747188,0.8164965809277261
MAR06359,0.9967173839999999,0.9486832980505138
MAR06076,0.9967142920000001,0.6666666666666667
MAR00117,0.9966922479999999,0.5241231718133947
MAR05501,0.9966869620000001,0.7071067811865475
MAR05868,0.9966797199999998,0.7071067811865476
MAR02510,0.99667192,0.5000055914339421
MAR07129,0.9966670299999999,0.6324399717684445
MAR08366,0.9966670299999999,0.632439971768406
MAR01472,0.9966670299999999,0.6324399717684229
MAR01880,0.996653166,0.6666666666666667
MAR06365,0.9966437600000001,0.9486832980505138
MAR03078,0.996629098,0.5000055914339421
MAR04974,0.996612146,0.6928156744123392
MAR09612,0.9966104619999999,0.7071067811865475
MAR05677,0.99659581,0.8164965809277261
MAR05592,0.99659581,0.8164965809277261
MAR04983,0.99659151,0.6859943405700353
MAR06356,0.99659151,0.8677218312746245
MAR08968,0.9965886700000001,0.7499748364368548
MAR01834,0.9965866199999999,0.5393485395048234
MAR03102,0.9965774059999999,0.5000055914339421
MAR09983,0.99655362,0.6859943405700353
MAR05621,0.99654057,0.8164965809277261
MAR05664,0.99654057,0.6666666666666667
MAR04606,0.9965366620000001,0.6172222741684505
MAR11394,0.99651473,0.617222274168469
MAR08522,0.996510778,0.7999919481460386
MAR04794,0.996507802,0.9999999999999998
MAR03618,0.996507392,0.6666666666666667
MAR01332,0.9964886079999999,0.6666442998054243
MAR06637,0.9964877980000001,0.7999919481460559
MAR05408,0.996468962,0.5
MAR12472,0.996450304,0.5477335828492896
MAR02474,0.99644616,0.5
MAR08695,0.9963799499999999,0.5999838962921683
MAR08694,0.9963799499999999,0.5999838962921488
MAR08278,0.9963799499999999,0.5999838962921714
MAR07329,0.9963799499999999,0.5999838962921109
MAR08316,0.9963799499999999,0.5999838962921337
MAR08305,0.9963799499999999,0.599983896292133
MAR07328,0.9963799499999999,0.5999838962921756
MAR08275,0.9963799499999999,0.5999838962921716
MAR08151,0.9963799499999999,0.5999838962921756
MAR01318,0.996370458,0.4364127712753183
MAR02371,0.9963587,0.6666666666666667
MAR04725,0.9963406320000001,0.6859943405700353
MAR05467,0.99631914,0.7071067811865475
MAR00104,0.9963141099999999,0.5
MAR05682,0.996297216,0.8164965809277261
MAR05667,0.996297216,0.6666666666666667
MAR11486,0.996236882,0.6123724356957947
MAR02432,0.996236602,0.5
MAR06731,0.9962317200000002,0.6859943405700353
MAR06360,0.99622721,0.9486832980505138
MAR01907,0.996208434,0.6666666666666667
MAR11246,0.9961946020000001,0.9999999999999998
MAR00449,0.9961927620000001,0.5
MAR05603,0.996186032,0.8164965809277263
MAR05618,0.996186032,0.8164965809277261
MAR11240,0.9961704000000001,0.9999999999999998
MAR01334,0.996132834,0.6666442998054534
MAR02431,0.9960863059999999,0.5
MAR11534,0.9960787879999999,0.7453493242588531
MAR02390,0.9960518199999999,0.6666666666666667
MAR06068,0.996050576,0.6666666666666667
MAR08551,0.9960380279999999,0.7071067811865475
MAR05863,0.9960207480000001,0.6666666666666667
MAR02473,0.99602073,0.5
MAR01375,0.9960132999999999,0.4364127712753165
MAR05993,0.9960069539999999,0.6324555320336759
MAR11744,0.99600328,0.75
MAR02724,0.9960023720000001,0.5
MAR05488,0.9960016599999999,0.7071067811865475
MAR05903,0.9959915800000001,0.7071067811865476
MAR07959,0.995990252,0.5
MAR11539,0.9959880700000001,0.7453493242588392
MAR05583,0.9959794919999998,0.8164965809277261
MAR03950,0.9959605100000001,0.5
MAR03634,0.995951642,0.75
MAR11248,0.9959236299999998,0.9999999999999998
MAR03964,0.995898242,0.9916306700675181
MAR12263,0.995896292,0.6324555320336759
MAR08713,0.9958534,0.5
MAR05346,0.9958457660000001,0.4999999999999999
MAR02640,0.99579536,0.5
MAR01878,0.995787588,0.6324555320336759
MAR05347,0.995768786,0.4999999999999999
MAR04770,0.995763174,0.8931804161773503
MAR05477,0.9957603299999999,0.7071067811865475
MAR02680,0.995743208,0.5
MAR08755,0.995724472,0.7453493242588571
MAR04650,0.995724472,0.7453493242588518
MAR02817,0.995713488,0.5
MAR05634,0.9957028400000001,0.8164965809277261
MAR05619,0.9957028400000001,0.8164965809277263
MAR05722,0.995696332,0.8164965809277261
MAR05595,0.995696332,0.8164965809277261
MAR08621,0.9956944160000001,0.5773696391347243
MAR02529,0.9956694159999999,0.47806669660790146
MAR00737,0.99565523,0.8333333333333335
MAR11241,0.99564816,0.9999999999999998
MAR02027,0.99564308,0.5476968308391222
MAR01376,0.9956253079999999,0.6666442998054929
MAR01324,0.99561776,0.6666442998054198
MAR08375,0.9956060860000001,0.4364127712753225
MAR06073,0.9956047800000001,0.6666666666666667
MAR09615,0.995594488,0.7071067811865475
MAR06242,0.995594488,0.8677218312746245
MAR03534,0.995591406,0.6123724356957946
MAR03525,0.995591406,0.6123724356957946
MAR06412,0.995591406,0.6123724356957946
MAR05468,0.99558704,0.7071067811865475
MAR00959,0.9955852220000001,0.666644299805423
MAR07130,0.9955814719999999,0.5660791928659963
MAR03356,0.99558006,0.5000055914339421
MAR01205,0.99558006,0.5000055914339421
MAR01704,0.99558006,0.5000055914339421
MAR04981,0.99558006,0.5000055914339421
MAR03498,0.99558006,0.5000055914339421
MAR03082,0.99558006,0.5000055914339421
MAR03350,0.99558006,0.5000055914339421
MAR07706,0.99558006,0.5000055914339421
MAR03512,0.99558006,0.5000055914339421
MAR03338,0.99558006,0.5000055914339421
MAR03334,0.99558006,0.5000055914339421
MAR03086,0.99558006,0.5000055914339421
MAR03506,0.99558006,0.5000055914339421
MAR05300,0.99558006,0.5000055914339421
MAR03360,0.99558006,0.5000055914339421
MAR01639,0.99558006,0.5000055914339421
MAR03346,0.99558006,0.5000055914339421
MAR03265,0.9955617880000001,0.5773696391347344
MAR00109,0.9955524499999999,0.75
MAR03167,0.995521278,0.5297759882797122
MAR04478,0.9955100299999999,0.9999999999999998
MAR06075,0.99545288,0.6666666666666667
MAR03162,0.995445924,0.47806669660783174
MAR03826,0.995445924,0.4780666966078335
MAR03147,0.995445924,0.4780666966078806
MAR08418,0.9954242219999999,0.7071067811865475
MAR03520,0.9954242219999999,0.7071067811865475
MAR12254,0.9954156940000001,0.6741875253670073
MAR12258,0.9954156940000001,0.6741875253670073
MAR10443,0.9954156940000001,0.6741875253670019
MAR05461,0.995414852,0.7071067811865475
MAR10021,0.995413378,0.632455532033676
MAR02758,0.9953814940000001,0.5
MAR05629,0.9953707980000001,0.8164965809277263
MAR05784,0.9953707980000001,0.8164965809277261
MAR07954,0.99533566,0.7999919481460833
MAR07783,0.995335116,0.7071067811865475
MAR08442,0.9953141539999999,0.6123724356957946
MAR06275,0.995305656,0.9486832980505138
MAR06082,0.99528333,0.6666666666666667
MAR06456,0.9952543120000001,0.5297759882797198
MAR06115,0.9952360880000001,0.6666666666666667
MAR06091,0.995236014,0.6666666666666667
MAR08774,0.9952222259999999,0.6859943405700353
MAR09465,0.995219198,0.8593378488473196
MAR06072,0.9952166400000001,0.6666666666666667
MAR01614,0.995203034,0.693107383459615
MAR02646,0.9951999319999999,0.5
MAR05587,0.995185276,0.8164965809277261
MAR05602,0.995185276,0.8164965809277263
MAR11260,0.9951343119999999,0.9999999999999998
MAR03106,0.9951311159999999,0.5773502691896258
MAR08669,0.9951226280000001,0.4120887347134625
MAR05632,0.995094402,0.8164965809277261
MAR05589,0.995094402,0.8164965809277263
MAR01891,0.995081736,0.6666666666666667
MAR05724,0.9950119040000001,0.8164965809277261
MAR05625,0.9950119040000001,0.8164965809277261
MAR01750,0.99500577,0.693107383459615
MAR01693,0.99500577,0.693107383459615
MAR01751,0.99500577,0.693107383459615
MAR01971,0.994990398,0.4275798651939844
MAR03122,0.9949680320000001,0.47580715609234536
MAR00455,0.9949660600000001,0.5
MAR05251,0.9949641960000001,0.5323781032630233
MAR05599,0.9949580680000001,0.8164965809277263
MAR05782,0.9949580680000001,0.8164965809277261
MAR02867,0.9949435899999999,0.5
MAR01246,0.9949368279999999,0.6928156744123513
MAR07027,0.994922124,0.833310964971128
MAR04199,0.9949128460000001,0.5
MAR04331,0.994912832,0.4743114119685372
MAR03898,0.994907986,0.4364127712753194
MAR02825,0.99486528,0.5
MAR02635,0.99486168,0.5
MAR06079,0.9948494200000001,0.6666666666666667
MAR02884,0.9948421799999998,0.5
MAR08065,0.9948131979999999,0.6859943405700353
MAR04530,0.9948022599999999,0.5669548610973576
MAR02394,0.99475385,0.6666666666666667
MAR04795,0.994728338,0.9999999999999998
MAR04390,0.9947246,0.5345378549296596
MAR08628,0.9947045040000001,0.5
MAR04817,0.994677542,0.4364127712753192
MAR05626,0.99467579,0.8164965809277261
MAR05739,0.99467579,0.8164965809277261
MAR11244,0.994643196,0.9999999999999998
MAR02875,0.9946428060000001,0.5
MAR04196,0.994631554,0.5
MAR02853,0.99462809,0.5
MAR01613,0.9946137580000001,0.6172222741684681
MAR07904,0.9946133400000001,0.6859943405700353
MAR03951,0.9946133400000001,0.6859943405700353
MAR09896,0.9946133400000001,0.6859943405700353
MAR10006,0.9946133400000001,0.6859943405700353
MAR08732,0.9946133400000001,0.9203579866168444
MAR10384,0.9946133400000001,0.6859943405700353
MAR09981,0.9946133400000001,0.6859943405700353
MAR11890,0.9946133400000001,0.6859943405700353
MAR05005,0.9946133400000001,0.6859943405700353
MAR11571,0.9946133400000001,0.8677218312746245
MAR08853,0.9946133400000001,0.9203579866168444
MAR09005,0.9946133400000001,0.8677218312746245
MAR09973,0.9946133400000001,0.6859943405700353
MAR10390,0.9946133400000001,0.9203579866168443
MAR11892,0.9946133400000001,0.6859943405700353
MAR01919,0.9945784919999999,0.5999838962921349
MAR01888,0.9945613699999999,0.6666666666666667
MAR05678,0.994558784,0.8164965809277261
MAR05607,0.994558784,0.8164965809277261
MAR05663,0.9945552079999999,0.6666666666666667
MAR05606,0.9945552079999999,0.8164965809277261
MAR04176,0.9945397899999999,0.6859943405700353
MAR02754,0.99453211,0.5
MAR05028,0.99452862,0.7928137334583071
MAR05184,0.99452862,0.7928137334583071
MAR06090,0.994524146,0.6666666666666667
MAR07106,0.994513972,0.830039967283312
MAR02863,0.9945061619999999,0.5
MAR02904,0.9945048040000002,0.5
MAR05469,0.9944961920000001,0.7071067811865475
MAR02839,0.9944666200000001,0.5
MAR01600,0.994439126,0.8992103451088682
MAR07490,0.9944386640000001,0.9285673204118055
MAR04769,0.994426002,0.8931804161773499
MAR02900,0.9944205919999998,0.5
MAR06070,0.9943924119999998,0.6666666666666667
MAR03157,0.994380988,0.4758071560923476
MAR02659,0.9943781460000001,0.5
MAR10406,0.9943722819999999,0.436412771275305
MAR06116,0.99435912,0.6666666666666667
MAR04665,0.99434355,0.75
MAR07028,0.994342662,0.9090759347718683
MAR02668,0.9943107720000001,0.5
MAR08969,0.994300372,0.5345378549296596
MAR07669,0.99429575,0.4472225976557379
MAR01887,0.9942759539999999,0.6666666666666667
MAR11551,0.994259942,0.6859943405700353
MAR04771,0.9942400599999999,0.6666442998054278
MAR08206,0.9941924179999999,0.7473975592288881
MAR06083,0.9941917060000002,0.6666666666666667
MAR08212,0.9941785980000001,0.747397559228884
MAR01882,0.9941525880000001,0.6666666666666667
MAR06148,0.994126248,0.6666666666666667
MAR05788,0.994096792,0.8164965809277261
MAR05689,0.994096792,0.8164965809277263
MAR06078,0.9940840360000001,0.6666666666666667
MAR06126,0.9940786420000001,0.6666666666666667
MAR01726,0.9940484140000001,0.6666666666666667
MAR05464,0.9940359080000001,0.7071067811865475
MAR03521,0.99401482,0.5
MAR04581,0.99401482,0.5
MAR04624,0.99401482,0.5
MAR07552,0.9939792799999999,0.799991948146141
MAR06081,0.9939584800000001,0.6666666666666667
MAR07554,0.993935234,0.7999919481460782
MAR05737,0.993929288,0.8164965809277261
MAR05596,0.993929288,0.8164965809277261
MAR04545,0.9939193239999999,0.6859943405700353
MAR05907,0.9938725319999999,0.7071067811865475
MAR05649,0.9938394039999998,0.8164965809277261
MAR05620,0.9938394039999998,0.8164965809277261
MAR12012,0.99381802,0.6859943405700353
MAR09733,0.99381802,0.6859943405700353
MAR08519,0.993812148,0.47806669660790924
MAR04773,0.993811702,0.8931804161773498
MAR03830,0.993811702,0.5297759882797282
MAR03255,0.993811702,0.5297759882797182
MAR00464,0.9937917900000001,0.4999999999999999
MAR07178,0.9937917900000001,0.4999999999999999
MAR07158,0.993785806,0.5345301692114808
MAR08528,0.99377465,0.35355339059327373
MAR05837,0.9937240660000001,0.8164965809277261
MAR07321,0.9936533080000001,0.75
MAR07322,0.9936533080000001,0.75
MAR05728,0.9936047,0.8164965809277263
MAR05685,0.9936047,0.8164965809277261
MAR05680,0.993518628,0.8164965809277261
MAR05637,0.993518628,0.8164965809277261
MAR03910,0.993514992,0.7778556521429008
MAR03784,0.993508518,0.5
MAR08417,0.9934993719999999,0.5
MAR01773,0.9934993719999999,0.5
MAR03519,0.9934993719999999,0.5
MAR01736,0.9934993719999999,0.5
MAR01757,0.9934993719999999,0.5
MAR05636,0.9934626739999999,0.8164965809277261
MAR05665,0.993462654,0.6666666666666667
MAR08301,0.993455198,0.7071067811865475
MAR05674,0.9934371299999999,0.8164965809277261
MAR05787,0.9934371299999999,0.8164965809277263
MAR02322,0.9934276000000001,0.6666666666666667
MAR12014,0.9933831340000001,0.6859943405700353
MAR08722,0.993347236,0.5
MAR09953,0.9933417579999999,0.35355339059327373
MAR01894,0.9933411619999999,0.6666666666666667
MAR01901,0.9932893360000001,0.6666666666666667
MAR02039,0.993284156,0.31623413150224033
MAR08353,0.993283594,0.6859943405700353
MAR09556,0.993233886,0.5345378549296596
MAR04755,0.993223352,0.6708203932499369
MAR03752,0.993213406,0.5
MAR03531,0.993213406,0.5
MAR05195,0.993213406,0.5
MAR03527,0.993213406,0.5
MAR03522,0.993213406,0.5
MAR04978,0.993213406,0.5
MAR08441,0.993213406,0.5
MAR05298,0.993213406,0.5
MAR06085,0.993175112,0.6666666666666667
MAR11271,0.9931503920000001,0.9999999999999998
MAR06625,0.9931472720000001,0.5999838962921324
MAR01881,0.9931247580000001,0.6666666666666667
MAR04231,0.993114216,0.6859943405700353
MAR04672,0.9931070999999999,0.5
MAR05627,0.993104424,0.8164965809277261
MAR05754,0.993104424,0.8164965809277261
MAR05258,0.9931001719999999,0.9995880824038902
MAR08810,0.9930966379999999,0.75
MAR12050,0.99308938,0.7016464154456235
MAR08807,0.993064884,0.75
MAR01697,0.9930314419999998,0.6666666666666667
MAR04415,0.9930201220000001,0.7016464154456235
MAR08823,0.9930166380000001,0.599983896292109
MAR06151,0.9929989920000001,0.6666666666666667
MAR04152,0.9929946879999999,0.6666666666666667
MAR05752,0.992890968,0.8164965809277261
MAR05597,0.992890968,0.8164965809277261
MAR05670,0.9928815999999999,0.6666666666666667
MAR05727,0.9928815999999999,0.8164965809277261
MAR05709,0.992864884,0.8164965809277263
MAR05624,0.9928648599999998,0.8164965809277261
MAR03150,0.9928497359999999,0.4758071560923476
MAR04447,0.9928390659999999,0.599983896292172
MAR05017,0.992780948,0.6928156744123222
MAR05321,0.992780948,0.6928156744123227
MAR08584,0.9927669299999999,0.75
MAR05827,0.992763302,0.8164965809277261
MAR06132,0.9927530600000001,0.6666666666666667
MAR07785,0.992739738,0.7071067811865475
MAR02392,0.9927242940000001,0.6666666666666667
MAR07308,0.99269482,0.7071067811865475
MAR09952,0.9926815019999999,0.5
MAR05590,0.9926780620000001,0.8164965809277261
MAR05647,0.9926780620000001,0.8164965809277261
MAR02527,0.992675124,0.4364127712753316
MAR04245,0.992675124,0.43641277127530853
MAR08565,0.992675124,0.43641277127533074
MAR04712,0.992675124,0.4364127712752979
MAR03774,0.992675124,0.43641277127529876
MAR02325,0.992675124,0.43641277127531675
MAR03623,0.992675124,0.43641277127531564
MAR05386,0.992675124,0.43641277127530165
MAR02376,0.992675124,0.43641277127531763
MAR05499,0.9926734359999999,0.7071067811865475
MAR09561,0.9926687900000001,0.4780666966078654
MAR05472,0.9926550919999999,0.7071067811865475
MAR06852,0.992608214,0.5999838962921461
MAR07648,0.9925280539999999,0.5
MAR01458,0.9925073259999999,0.714277498202746
MAR01456,0.9925073259999999,0.7715278427105626
MAR03358,0.9924839860000001,0.599983896292181
MAR03088,0.9924839860000001,0.5999838962921722
MAR03304,0.992483966,0.5999838962921715
MAR03362,0.992483966,0.5999838962921793
MAR01209,0.992483966,0.5999838962921742
MAR03059,0.992483966,0.5999838962921812
MAR01166,0.992483966,0.5999838962921742
MAR03064,0.992483966,0.5999838962921735
MAR03068,0.992483966,0.5999838962921702
MAR03100,0.992483966,0.5999838962921793
MAR03080,0.992483966,0.5999838962921717
MAR03076,0.992483966,0.5999838962921702
MAR03096,0.992483966,0.5999838962921793
MAR03352,0.992483966,0.5999838962921838
MAR03348,0.992483966,0.5999838962921724
MAR03309,0.992483966,0.5999838962921715
MAR03319,0.992483966,0.5999838962921715
MAR03332,0.992483966,0.599983896292181
MAR03092,0.992483966,0.5999838962921715
MAR03336,0.992483966,0.5999838962921697
MAR03340,0.992483966,0.599983896292181
MAR03344,0.992483966,0.5999838962921717
MAR00481,0.992483966,0.599983896292172
MAR03084,0.992483966,0.5999838962921682
MAR03314,0.992483966,0.5999838962921809
MAR03072,0.992483966,0.5999838962921811
MAR03367,0.992483966,0.5999838962921717
MAR02512,0.992483966,0.599983896292174
MAR08981,0.992483966,0.5999838962921649
MAR03509,0.992483966,0.5999838962921735
MAR03503,0.992483966,0.5999838962921813
MAR01708,0.992483966,0.599983896292172
MAR01646,0.992483966,0.5999838962921724
MAR03514,0.992483966,0.599983896292174
MAR08019,0.992483966,0.5999838962921646
MAR03372,0.992483966,0.5999838962921838
MAR03164,0.9924342340000001,0.6666442998054183
MAR08972,0.992428422,0.8164965809277261
MAR01096,0.9923923680000002,0.7171282293208516
MAR08826,0.9923720899999999,0.7999919481460823
MAR05594,0.992361102,0.8164965809277261
MAR05707,0.992361102,0.7071067811865476
MAR05767,0.99228785,0.7071067811865476
MAR05598,0.99228785,0.8164965809277261
MAR04372,0.9922806879999999,0.6708338964836046
MAR07509,0.992251246,0.7473975592289054
MAR07510,0.992251246,0.7473975592288795
MAR01637,0.992167612,0.5
MAR07389,0.9920829699999999,0.47589985131180434
MAR07542,0.9920829699999999,0.4758998513118178
MAR07241,0.9920829699999999,0.47589985131179724
MAR07244,0.9920829699999999,0.4758998513118039
MAR07243,0.9920829699999999,0.47589985131179724
MAR07530,0.9920829699999999,0.47589985131179635
MAR07547,0.9920829699999999,0.47589985131179635
MAR07385,0.9920829699999999,0.47589985131180434
MAR07458,0.9920829699999999,0.47589985131179713
MAR07381,0.9920829699999999,0.47589985131180434
MAR07379,0.9920829699999999,0.47589985131180434
MAR07526,0.9920829699999999,0.4758998513118029
MAR07247,0.9920829699999999,0.47589985131179724
MAR07456,0.9920829699999999,0.47589985131179713
MAR07517,0.9920829699999999,0.47589985131179624
MAR07514,0.9920829699999999,0.47589985131179624
MAR07238,0.9920829699999999,0.47589985131179724
MAR07249,0.9920829699999999,0.47589985131179724
MAR07506,0.9920829699999999,0.4758998513118028
MAR07502,0.9920829699999999,0.4758998513118179
MAR07487,0.9920829699999999,0.47589985131179713
MAR07463,0.9920829699999999,0.47589985131179713
MAR07485,0.9920829699999999,0.47589985131179713
MAR07550,0.9920829699999999,0.4758998513117867
MAR07545,0.9920829699999999,0.47589985131179635
MAR07236,0.9920829699999999,0.47589985131179724
MAR07237,0.9920829699999999,0.4758998513118039
MAR07227,0.9920829699999999,0.47589985131181556
MAR07231,0.9920829699999999,0.47589985131179724
MAR07232,0.9920829699999999,0.4758998513118039
MAR07401,0.9920829699999999,0.47589985131180434
MAR07405,0.9920829699999999,0.47589985131180434
MAR07409,0.9920829699999999,0.47589985131180434
MAR07413,0.9920829699999999,0.47589985131180434
MAR07565,0.9920829699999999,0.4758998513118029
MAR07564,0.9920829699999999,0.47589985131179635
MAR07417,0.9920829699999999,0.47589985131180434
MAR07397,0.9920829699999999,0.47589985131180434
MAR07421,0.9920829699999999,0.47589985131180434
MAR07226,0.9920829699999999,0.47589985131181556
MAR07560,0.9920829699999999,0.4758998513118029
MAR07393,0.9920829699999999,0.47589985131180434
MAR07558,0.9920829699999999,0.47589985131179635
MAR07612,0.9920807420000001,0.4780666966078526
MAR04832,0.99207492,0.7016464154456235
MAR10450,0.9920623000000001,0.6666666666666667
MAR10128,0.9920623000000001,0.6666666666666667
MAR09572,0.992049526,0.5892444486732653
MAR03116,0.9919825940000001,0.47580715609234225
MAR01807,0.9919687239999998,0.4758071560923023
MAR06069,0.9919594,0.6666666666666667
MAR05686,0.991923452,0.8164965809277263
MAR05743,0.991923452,0.8164965809277261
MAR06130,0.9919143079999999,0.6666666666666667
MAR09620,0.991866742,0.8164965809277261
MAR05909,0.9918423799999999,0.7071067811865475
MAR05465,0.991806508,0.7071067811865475
MAR01783,0.991754072,0.7999919481460886
MAR01787,0.9917540519999999,0.7999919481460764
MAR01560,0.9917340259999999,0.7016464154456235
MAR10111,0.991729312,0.6666666666666667
MAR10105,0.9916542380000001,0.6666666666666667
MAR04198,0.9916299399999999,0.35355339059327373
MAR05769,0.99161336,0.7071067811865476
MAR05628,0.99161336,0.8164965809277261
MAR03104,0.9916116340000001,0.5999838962921678
MAR10097,0.9915834459999999,0.6666666666666667
MAR04601,0.991559698,0.5999838962921059
MAR04731,0.991559698,0.5999838962921287
MAR08477,0.991559698,0.5999838962921058
MAR08445,0.991559698,0.5999838962921791
MAR03303,0.991559698,0.5999838962921498
MAR04715,0.991559698,0.599983896292132
MAR04451,0.991559678,0.5999838962921118
MAR04805,0.991522354,0.6666666666666667
MAR11464,0.9915144699999999,0.6859943405700353
MAR04772,0.9915144699999999,0.9411764705882353
MAR09954,0.9915144699999999,0.6859943405700353
MAR06740,0.9915144699999999,0.693653720223562
MAR06763,0.9915070659999999,0.5999838962921556
MAR08794,0.991506152,0.6666666666666667
MAR05742,0.9914803940000001,0.8164965809277263
MAR05671,0.9914803940000001,0.8164965809277261
MAR10377,0.9914408459999999,0.5999838962921171
MAR05502,0.9914047500000001,0.7071067811865475
MAR05391,0.99140042,0.5
MAR05840,0.991391988,0.8164965809277261
MAR03845,0.991357912,0.5163735244515886
MAR06145,0.991317352,0.6666666666666667
MAR06969,0.9913060399999999,0.5
MAR05855,0.9912535,0.6666666666666667
MAR05830,0.99117871,0.8164965809277261
MAR08976,0.9911472,0.632455532033676
MAR06128,0.991125536,0.6666666666666667
MAR01968,0.9910226599999999,0.5999838962921853
MAR07943,0.9909528100000001,0.5999838962921724
MAR01136,0.9909036999999999,0.40826198708343275
MAR02037,0.990860758,0.5999838962921336
MAR08833,0.990805632,0.5999838962921171
MAR06147,0.990765176,0.6666666666666667
MAR06150,0.990739716,0.6666666666666667
MAR01378,0.990738192,0.7999999999999998
MAR06309,0.990687612,0.8164965809277263
MAR06194,0.990668584,0.6666666666666667
MAR05758,0.99062322,0.8164965809277263
MAR05687,0.99062322,0.8164965809277261
MAR01627,0.99061833,0.6666666666666667
MAR05913,0.990610708,0.7071067811865475
MAR00797,0.990583498,0.47589985131180634
MAR08830,0.9905531200000001,0.7999919481460348
MAR03780,0.990511418,0.6666666666666667
MAR03748,0.990511418,0.6666666666666667
MAR05757,0.9905012679999998,0.8164965809277263
MAR05672,0.9905012679999998,0.8164965809277261
MAR05852,0.9904750119999999,0.6666666666666667
MAR02122,0.990410522,0.5
MAR08858,0.9904058819999999,0.5773502691896258
MAR05652,0.990318766,0.8164965809277261
MAR05681,0.990318766,0.8164965809277261
MAR04507,0.99031275,0.5
MAR05857,0.9902917600000001,0.8164965809277261
MAR11369,0.990262688,0.5999838962921706
MAR05593,0.990136624,0.8164965809277261
MAR05692,0.9901365999999999,0.6666666666666667
MAR08664,0.990083074,0.4758071560923236
MAR03016,0.990083074,0.4758071560923266
MAR01724,0.990083074,0.47580715609232627
MAR03753,0.990083074,0.4758071560923285
MAR03532,0.990083074,0.4758071560923385
MAR01644,0.990083074,0.47580715609233826
MAR03528,0.990083074,0.47580715609234425
MAR11514,0.990083074,0.4758071560923207
MAR08665,0.990083074,0.4758071560923236
MAR03775,0.990083074,0.4758071560923356
MAR03203,0.990083074,0.47580715609230184
MAR03523,0.990083074,0.4758071560923005
MAR05669,0.990043282,0.6666666666666667
MAR05712,0.990043282,0.7071067811865476
MAR05955,0.98996229,0.7071067811865475
MAR08800,0.9898782819999999,0.7999919481461341
MAR06556,0.989871576,0.75
MAR01386,0.9897905340000002,0.7071067811865475
MAR03935,0.989654578,0.47142033628500934
MAR05601,0.9896230340000001,0.8164965809277261
MAR05812,0.9896230100000001,0.7071067811865476
MAR01754,0.989618604,0.6666666666666667
MAR01756,0.989618604,0.6666666666666667
MAR01832,0.989618604,0.6666666666666667
MAR00739,0.989618604,0.6666666666666667
MAR00740,0.989618604,0.6666666666666667
MAR10094,0.989618604,0.6666666666666667
MAR01263,0.989618604,0.6666666666666667
MAR10080,0.989618604,0.6666666666666667
MAR03480,0.989618604,0.6666666666666667
MAR05684,0.9895351619999999,0.8164965809277261
MAR05713,0.9895351619999999,0.8164965809277263
MAR11308,0.9895223740000001,0.6324555320336759
MAR04846,0.989514544,0.5
MAR05623,0.9894675340000001,0.8164965809277261
MAR05694,0.9894675340000001,0.6666666666666667
MAR04627,0.9893505899999999,0.5999838962921265
MAR05480,0.989315872,0.7071067811865475
MAR01903,0.98928909,0.6666666666666667
MAR11530,0.9892836339999999,0.5999838962921563
MAR01675,0.9892836339999999,0.599983896292173
MAR01674,0.9892836339999999,0.5999838962921628
MAR11540,0.9892836339999999,0.5999838962921564
MAR01663,0.9892836339999999,0.5999838962921717
MAR01213,0.9892836339999999,0.5999838962921755
MAR11535,0.9892836339999999,0.5999838962921563
MAR01171,0.9892836339999999,0.5999838962921755
MAR04957,0.9892561279999998,0.7071067811865475
MAR08376,0.9892151300000002,0.40826198708342276
MAR03986,0.9892151300000002,0.2886945055147949
MAR09762,0.989188238,0.5
MAR05159,0.9891619859999998,0.9997231020797903
MAR05651,0.989130606,0.8164965809277261
MAR05666,0.989130606,0.6666666666666667
MAR08933,0.9889617959999999,0.6324555320336759
MAR01893,0.9889534660000001,0.6666666666666667
MAR08728,0.988874534,0.5669548610973576
MAR04563,0.9888605599999998,0.5999838962921532
MAR05688,0.988774658,0.8164965809277263
MAR05773,0.988774658,0.8164965809277261
MAR00790,0.988717956,0.4758998513118131
MAR08209,0.988717956,0.4758998513117976
MAR01962,0.9886634000000001,0.5999838962921804
MAR06550,0.98861942,0.75
MAR02017,0.9886184339999999,0.599983896292172
MAR06323,0.988615122,0.7071067811865475
MAR05631,0.9885924320000001,0.8164965809277261
MAR05814,0.9885924320000001,0.7071067811865476
MAR05860,0.988550006,0.8164965809277261
MAR08819,0.988513496,0.7999919481461162
MAR02302,0.9884874539999998,0.8748840822428214
MAR08421,0.9883772399999999,0.47806669660791
MAR02123,0.9883357539999998,0.5
MAR00113,0.988273582,0.5660791928659852
MAR07314,0.9881968640000001,0.75
MAR06533,0.9881796000000002,0.8944271909999159
MAR04525,0.98809851,0.507076026369599
MAR05604,0.988073322,0.8164965809277261
MAR05633,0.988073322,0.8164965809277261
MAR05158,0.988062532,0.999816158292578
MAR01534,0.9879600619999998,0.6324555320336759
MAR05957,0.98790293,0.7071067811865475
MAR06165,0.987850742,0.6666666666666667
MAR06858,0.9878051940000001,0.9999999999999998
MAR03968,0.9876744860000001,0.6123724356957946
MAR05783,0.987624538,0.8164965809277261
MAR05614,0.987624538,0.8164965809277261
MAR11397,0.9875596,0.6324555320336759
MAR06149,0.9875558979999999,0.6666666666666667
MAR08379,0.987507862,0.6741875253669949
MAR03912,0.987463164,0.5
MAR08611,0.9874478219999998,0.6324364350969951
MAR03540,0.9873670640000001,0.475899851311818
MAR03568,0.9873670640000001,0.47589985131181867
MAR03555,0.9873670640000001,0.475899851311818
MAR03538,0.9873670640000001,0.475899851311818
MAR03567,0.9873670640000001,0.47589985131181867
MAR03558,0.9873670640000001,0.475899851311818
MAR03572,0.9873670640000001,0.47589985131181856
MAR03541,0.9873670640000001,0.4758998513118189
MAR09944,0.9873670640000001,0.4758998513118117
MAR03592,0.9873670640000001,0.4758998513118191
MAR03579,0.9873670640000001,0.47589985131181956
MAR03577,0.9873670640000001,0.4758998513118182
MAR03576,0.9873670640000001,0.4758998513118182
MAR03560,0.9873670640000001,0.4758998513118199
MAR03549,0.9873670640000001,0.47589985131181944
MAR03566,0.9873670640000001,0.4758998513118178
MAR03550,0.9873670640000001,0.4758998513118189
MAR03553,0.9873670640000001,0.4758998513118198
MAR03587,0.9873670640000001,0.475899851311818
MAR09947,0.9873670640000001,0.47589985131180623
MAR03552,0.9873670640000001,0.4758998513118179
MAR03578,0.9873670560000001,0.4758998513118182
MAR03546,0.9873670560000001,0.4758998513118189
MAR03596,0.9873670560000001,0.4758998513118191
MAR03573,0.9873670560000001,0.475899851311818
MAR03580,0.9873670560000001,0.4758998513118198
MAR03585,0.9873670560000001,0.4758998513118191
MAR09943,0.9873670560000001,0.475899851311806
MAR03562,0.9873670560000001,0.4758998513118189
MAR03563,0.9873670560000001,0.4758998513118189
MAR03564,0.9873670560000001,0.4758998513118182
MAR03586,0.9873670560000001,0.475899851311818
MAR03591,0.9873670560000001,0.4758998513118189
MAR03551,0.9873670560000001,0.4758998513118179
MAR03547,0.9873670560000001,0.4758998513118179
MAR03575,0.9873670560000001,0.4758998513118182
MAR03565,0.9873670560000001,0.475899851311818
MAR03574,0.9873670560000001,0.475899851311818
MAR03548,0.9873670560000001,0.475899851311818
MAR09942,0.9873670560000001,0.475899851311806
MAR03593,0.9873670560000001,0.4758998513118198
MAR03594,0.9873670560000001,0.4758998513118199
MAR03542,0.9873670560000001,0.47589985131181956
MAR03582,0.9873670560000001,0.47589985131181933
MAR09945,0.9873670560000001,0.47589985131180357
MAR03554,0.9873670560000001,0.47589985131181844
MAR03583,0.9873670560000001,0.47589985131181956
MAR03581,0.9873670560000001,0.47589985131181844
MAR03543,0.9873670560000001,0.4758998513118182
MAR03571,0.9873670560000001,0.47589985131181833
MAR03570,0.9873670560000001,0.4758998513118179
MAR03539,0.9873670560000001,0.4758998513118179
MAR03556,0.9873670560000001,0.47589985131181956
MAR03588,0.9873670560000001,0.47589985131181844
MAR03569,0.9873670560000001,0.4758998513118179
MAR03561,0.9873670560000001,0.47589985131181867
MAR03557,0.9873670560000001,0.4758998513118198
MAR03544,0.9873670560000001,0.475899851311818
MAR03589,0.9873670560000001,0.47589985131181867
MAR03595,0.9873670560000001,0.47589985131181933
MAR03545,0.9873670560000001,0.475899851311818
MAR09946,0.9873670560000001,0.4758998513118119
MAR03584,0.9873670560000001,0.4758998513118198
MAR03559,0.9873670560000001,0.47589985131181833
MAR03590,0.9873670560000001,0.4758998513118189
MAR05723,0.987341994,0.8164965809277261
MAR05610,0.987341994,0.8164965809277261
MAR12001,0.98728885,0.5999838962921222
MAR07689,0.98728885,0.599983896292134
MAR05673,0.987231206,0.8164965809277263
MAR05772,0.987231186,0.8164965809277261
MAR06141,0.98719546,0.6666666666666667
MAR05698,0.9871845240000001,0.8164965809277261
MAR05683,0.9871845240000001,0.8164965809277263
MAR05156,0.987159806,0.9993900043745823
MAR06530,0.987155184,0.632455532033676
MAR05557,0.9871211719999999,0.7071067811865475
MAR08992,0.987107194,0.9999999999999998
MAR01789,0.987103122,0.5212555999165747
MAR02121,0.98703328,0.5
MAR11797,0.986964954,0.6324555320336759
MAR12292,0.986964954,0.6324555320336759
MAR08635,0.986964954,0.6324555320336759
MAR08632,0.986964954,0.6324555320336759
MAR06096,0.986964954,0.6324555320336759
MAR12241,0.986964954,0.6324555320336759
MAR08937,0.986964954,0.6324555320336759
MAR08847,0.986964954,0.6324555320336759
MAR10362,0.986964954,0.632455532033676
MAR10156,0.986964954,0.632455532033676
MAR12196,0.986964954,0.6324555320336759
MAR08631,0.986964954,0.6324555320336759
MAR07651,0.986964954,0.6324555320336759
MAR05560,0.98692557,0.7071067811865475
MAR01729,0.986825986,0.599983896292166
MAR05543,0.986683502,0.7071067811865475
MAR01203,0.9866353799999998,0.8333333333333335
MAR02647,0.9865779299999999,0.678979589111869
MAR01095,0.986505704,0.6489166214075914
MAR07543,0.986342698,0.5892622405568537
MAR07559,0.9863426759999999,0.6326643613383001
MAR07503,0.9863426759999999,0.5892622405568536
MAR07563,0.9863426759999999,0.6326643613383001
MAR07531,0.9863426759999999,0.5892622405568706
MAR07548,0.9863426759999999,0.5892622405568706
MAR07527,0.9863426759999999,0.5892622405568577
MAR07515,0.9863426759999999,0.5892622405568706
MAR08787,0.9861787879999999,0.5
MAR05791,0.9861143859999999,0.8164965809277261
MAR05734,0.9861143859999999,0.8164965809277261
MAR05668,0.985964908,0.6666666666666667
MAR05697,0.985964888,0.6666666666666667
MAR00634,0.9857656020000001,0.5
MAR06163,0.985694194,0.6666666666666667
MAR05644,0.9856796260000001,0.8164965809277261
MAR05785,0.9856795980000002,0.8164965809277261
MAR05362,0.985673062,0.5345301692114837
MAR08666,0.9856673340000001,0.47142033628498003
MAR05725,0.985655332,0.8164965809277261
MAR05640,0.985655332,0.8164965809277261
MAR09613,0.9853594640000001,0.9819805060619657
MAR05558,0.985304398,0.7071067811865475
